Time (month),H2S Concentration (ppm),Temperature (C),Relative Humidity (%),Surface PH
0.123853211,0,30,100,10.5579673
5.944954128,0,30,100,10.04433397
2.353211009,0,30,100,10.41973758
3.220183486,0,30,100,10.31756445
4.334862385,0,30,100,10.01381272
8.050458716,0,30,100,10.00689355
9.041284404,0,30,100,9.904489775
10.77522936,0,30,100,9.901260827
11.76605505,0,30,100,10.10053303
13.62385321,0,30,100,9.962995233
15.11009174,0,30,100,9.893188458
16.47247706,0,30,100,9.723053662
17.9587156,0,30,100,9.720285993
19.69266055,0,30,100,9.88465481
21.4266055,0,30,100,9.847906309
23.03669725,0,30,100,9.978986213
24.7706422,0,30,100,10.10983548
26.13302752,0,30,100,10.34193532
27.37155963,0,30,100,10.23907027
29.47706422,0,30,100,10.46978627
32.5733945,0,30,100,10.36346164
31.70642202,0,30,100,10.63323254
34.30733945,0,30,100,10.69542822
36.53669725,0,30,100,10.65775716
38.39449541,0,30,100,10.65429758
40.25229358,0,30,100,10.58379888
42.11009174,0,30,100,10.61385885
44.21559633,0,30,100,10.47585977
45.82568807,0,30,100,10.3723028
47.43577982,0,30,100,10.36930449
49.04587156,0,30,100,10.29926708
51.52293578,0,30,100,10.3616934
53.50458716,0,30,100,10.32448362
0.247706422,0,25,100,10.69181487
1.610091743,0,25,100,10.45464097
2.724770642,0,25,100,10.41904567
4.706422018,0,25,100,10.28127723
5.573394495,0,25,100,10.27966275
6.811926606,0,25,100,10.44495413
7.926605505,0,25,100,10.1412024
9.412844037,0,25,100,10.00435652
11.14678899,0,25,100,9.665932038
12.01376147,0,25,100,9.563758905
12.50917431,0,25,100,9.663395008
13.74770642,0,25,100,9.69460817
14.73853211,0,25,100,9.592204398
17.71100917,0,25,100,9.519629952
18.82568807,0,25,100,9.450515094
19.81651376,0,25,100,9.884424171
21.4266055,0,25,100,10.01550407
22.29357798,0,25,100,10.18148737
23.90366972,0,25,100,10.44664548
24.52293578,0,25,100,10.5795705
26.00917431,0,25,100,10.37568551
27.49541284,0,25,100,10.03772231
28.98165138,0,25,100,9.766798216
30.96330275,0,25,100,9.461432013
32.94495413,0,25,100,9.189585362
34.30733945,0,25,100,9.187048332
36.41284404,0,25,100,9.183127467
38.2706422,0,25,100,9.280226539
39.63302752,0,25,100,9.210650402
41.36697248,0,25,100,9.274460561
43.22477064,0,25,100,9.271000974
45.45412844,0,25,100,9.333888576
47.43577982,0,25,100,9.598354774
49.5412844,0,25,100,9.594433909
51.7706422,0,25,100,9.791399723
53.50458716,0,25,100,9.687612116
0.743119266,0,17,100,10.62385321
2.724770642,0,17,100,10.35200656
12.26146789,0,17,100,9.864973605
13.99541284,0,17,100,9.962303316
15.23394495,0,17,100,9.892957819
15.97706422,0,17,100,9.95861309
17.33944954,0,17,100,9.922556507
17.58715596,0,17,100,10.02265389
13.99541284,0,17,100,10.16342063
15.35779817,0,17,100,10.1608836
17.58715596,0,17,100,10.22377121
18.70183486,0,17,100,10.22169545
19.44495413,0,17,100,10.0191943
20.93119266,0,17,100,9.982907078
23.6559633,0,17,100,9.843754805
24.64678899,0,17,100,9.674311927
25.51376147,0,17,100,9.6391779
26.50458716,0,17,100,9.704371893
27.24770642,0,17,100,9.602429399
29.2293578,0,17,100,9.498180514
28.48623853,0,17,100,9.499564348
30.59174312,0,17,100,9.395084824
32.07798165,0,17,100,9.358797601
33.56422018,0,17,100,9.456588591
34.43119266,0,17,100,9.522013223
35.79357798,0,17,100,9.351878428
37.77522936,0,17,100,9.281149095
40.12844037,0,17,100,9.243247399
46.94036697,0,17,100,9.297601353
48.79816514,0,17,100,9.294141766
50.40825688,0,17,100,9.257623904
52.38990826,0,17,100,9.287453232
54.24770642,0,17,100,9.351032751
0.341052632,5,30,100,10.61866738
0.682105263,5,30,100,10.34225872
1.250526316,5,30,100,10.18848297
2.046315789,5,30,100,9.850434783
2.842105263,5,30,100,9.512386593
3.410526316,5,30,100,9.174467627
4.433684211,5,30,100,8.77490914
5.456842105,5,30,100,8.313969579
6.025263158,5,30,100,8.00674115
7.730526316,5,30,100,7.63748553
9.435789474,5,30,100,7.421682595
11.59578947,5,30,100,7.082859066
12.73263158,5,30,100,6.928760264
13.75578947,5,30,100,7.449917889
15.46105263,5,30,100,7.909306771
17.39368421,5,30,100,8.552709651
18.64421053,5,30,100,8.674761071
19.78105263,5,30,100,8.582043344
21.14526316,5,30,100,8.366434244
22.73684211,5,30,100,8.212076996
24.55578947,5,30,100,7.842756764
26.26105263,5,30,100,8.332836183
27.51157895,5,30,100,8.639030825
29.55789474,5,30,100,8.944773186
31.49052632,5,30,100,9.311961233
33.30947368,5,30,100,9.556451743
34.90105263,5,30,100,9.862452551
35.58315789,5,30,100,9.493778436
37.40210526,5,30,100,9.155148741
39.67578947,5,30,100,8.754879526
41.60842105,5,30,100,8.293423072
43.76842105,5,30,100,7.923909005
45.81473684,5,30,100,7.401006865
47.17894737,5,30,100,7.584374748
49.33894737,5,30,100,7.552456589
50.93052632,5,30,100,7.82776686
53.54526316,5,30,100,7.826280791
0.682105263,5,25,100,10.71054516
1.932631579,5,25,100,10.4336196
3.296842105,5,25,100,10.18731996
5.115789474,5,25,100,9.971452416
6.48,5,25,100,9.847914928
7.844210526,5,25,100,9.847139588
9.208421053,5,25,100,9.754292637
10.8,5,25,100,9.722697537
12.16421053,5,25,100,9.629850586
12.84631579,5,25,100,9.660153453
14.43789474,5,25,100,9.567177278
16.25684211,5,25,100,9.351309732
18.30315789,5,25,100,9.288765648
20.23578947,5,25,100,8.827309194
21.6,5,25,100,8.458247409
23.41894737,5,25,100,8.027546103
24.44210526,5,25,100,7.658678153
26.71578947,5,25,100,7.381171086
28.53473684,5,25,100,7.318756226
30.24,5,25,100,7.072262754
32.17263158,5,25,100,6.948402208
34.90105263,5,25,100,6.854779917
36.37894737,5,25,100,7.038083188
38.53894737,5,25,100,7.067546103
40.47157895,5,25,100,7.127828779
41.72210526,5,25,100,7.249880199
43.76842105,5,25,100,7.402169875
45.81473684,5,25,100,7.339625791
47.97473684,5,25,100,7.307707632
50.93052632,5,25,100,7.060503432
53.43157895,5,25,100,6.813557679
1.136842105,5,17,100,10.52614349
2.16,5,17,100,10.15727554
3.524210526,5,17,100,9.818904294
4.433684211,5,17,100,9.664934715
5.002105263,5,17,100,9.511158972
6.48,5,17,100,9.203413649
6.934736842,5,17,100,9.172464666
7.844210526,5,17,100,9.540234217
8.753684211,5,17,100,9.662479472
11.70947368,5,17,100,10.02908601
12.73263158,5,17,100,10.08988558
14.09684211,5,17,100,9.966348095
15.34736842,5,17,100,9.996327904
16.93894737,5,17,100,9.90335173
18.18947368,5,17,100,9.841259927
19.89473684,5,17,100,9.65614753
21.14526316,5,17,100,9.532674653
22.50947368,5,17,100,9.439827702
24.10105263,5,17,100,9.285470454
25.69263158,5,17,100,9.069732131
26.94315789,5,17,100,8.915568717
27.85263158,5,17,100,8.85367075
29.21684211,5,17,100,8.730133262
30.92210526,5,17,100,8.575711401
31.83157895,5,17,100,8.391051286
33.87789474,5,17,100,8.267126127
34.90105263,5,17,100,8.113091937
35.69684211,5,17,100,7.989877507
36.60631579,5,17,100,7.866598465
37.62947368,5,17,100,7.651183201
38.65263158,5,17,100,7.527839548
39.67578947,5,17,100,7.281733746
41.26736842,5,17,100,6.973923812
43.2,5,17,100,6.727301117
45.01894737,5,17,100,6.572814645
46.04210526,5,17,100,6.418780455
47.17894737,5,17,100,6.29537219
48.54315789,5,17,100,6.141144165
50.13473684,5,17,100,6.04816799
52.29473684,5,17,100,5.985559295
53.20421053,5,17,100,5.862280253
54.45473684,5,17,100,5.861569525
0.342807182,10,30,100,10.54080766
0.957944221,10,30,100,10.34077979
2.563869284,10,30,100,10.13892725
3.300117842,10,30,100,9.806079651
3.915939127,10,30,100,9.639199686
4.777404681,10,30,100,9.372419823
5.640238726,10,30,100,9.171935782
6.134948491,10,30,100,9.137875543
6.873249788,10,30,100,8.904471673
7.240005575,10,30,100,8.67175205
8.226688123,10,30,100,8.471039927
8.841825163,10,30,100,8.27101205
9.209949442,10,30,100,8.104588249
9.70260647,10,30,100,7.971084276
10.319112,10,30,100,7.837352222
11.0574133,10,30,100,7.603948352
10.93151206,10,30,100,7.504732701
12.41222012,10,30,100,7.236812428
13.15188991,10,30,100,7.06970438
13.39821843,10,30,100,7.002952394
14.38763796,10,30,100,6.934831916
14.75781497,10,30,100,6.867851848
16.36716127,10,30,100,6.831738872
17.1075153,10,30,100,6.697778735
15.87313575,10,30,100,6.898947022
18.34394759,10,30,100,6.596054182
18.34394759,10,30,100,6.596054182
19.20609739,10,30,100,6.36242223
19.57285318,10,30,100,6.129702606
19.69328045,10,30,100,5.963734969
20.679963,10,30,100,5.763022846
20.31252297,10,30,100,5.962594559
21.04945577,10,30,100,5.662894867
21.04329756,10,30,100,5.364563667
21.90476311,10,30,100,5.097783804
22.64238016,10,30,100,4.831232023
22.88665594,10,30,100,4.665036303
23.37520749,10,30,100,4.332644864
24.60685006,10,30,100,3.998884933
25.71943385,10,30,100,3.897388462
26.21893334,10,30,100,4.095363601
27.21314259,10,30,100,4.259278501
27.8337536,10,30,100,4.324433913
28.95386409,10,30,100,4.587564465
29.9473891,10,30,100,4.718331454
31.43699236,10,30,100,4.881334026
32.80411561,10,30,100,5.110860503
34.42030436,10,30,100,5.406226637
35.28519115,10,30,100,5.30518633
36.77137318,10,30,100,5.302449347
38.00780547,10,30,100,5.200724794
39.37082325,10,30,100,5.231363803
40.85632104,10,30,100,5.195478909
41.84505632,10,30,100,5.09421052
43.57619838,10,30,100,4.958425728
45.18622892,10,30,100,4.955460662
46.67035822,10,30,100,4.853279945
47.78362625,10,30,100,4.784931385
49.02279552,10,30,100,4.815798477
51.3731801,10,30,100,4.678873275
50.38307632,10,30,100,4.713845842
52.48439539,10,30,100,4.511080982
53.96989318,10,30,100,4.475196087
0.342807182,10,25,100,10.54080766
1.207009719,10,25,100,10.40661945
2.318909261,10,25,100,10.27197506
3.182427552,10,25,100,10.10463893
4.170478592,10,25,100,9.970222633
5.89819942,10,25,100,9.668698286
6.269060682,10,25,100,9.634866129
7.504808728,10,25,100,9.499993664
7.877038482,10,25,100,9.53245733
8.991675009,10,25,100,9.530404592
10.22673881,10,25,100,9.362384217
11.21684259,10,25,100,9.32741165
12.57780763,10,25,100,9.258606926
13.56859565,10,25,100,9.25678227
14.55459395,10,25,100,9.022922237
15.4160595,10,25,100,8.756142374
16.77497181,10,25,100,8.587893917
17.6384901,10,25,100,8.420557787
18.50200839,10,25,100,8.253221658
20.36178867,10,25,100,8.349244162
20.49042689,10,25,100,8.581051458
21.60711616,10,25,100,8.678442454
24.08613895,10,25,100,8.773324548
24.45700022,10,25,100,8.739492391
25.07213725,10,25,100,8.539464514
26.05676706,10,25,100,8.239308658
26.54942409,10,25,100,8.105804686
27.16524538,10,25,100,7.93892472
28.02876367,10,25,100,7.771588591
28.64663769,10,25,100,7.704152359
28.64047948,10,25,100,7.405821158
29.37672804,10,25,100,7.072973555
30.24161482,10,25,100,6.971933248
30.97717913,10,25,100,6.605937734
31.10034339,10,25,100,6.572561741
32.08428895,10,25,100,6.239257973
33.31456303,10,25,100,5.83920222
34.6714226,10,25,100,5.571510029
36.03307188,10,25,100,5.535853217
37.39472117,10,25,100,5.500196404
39.00269897,10,25,100,5.397787605
39.62330998,10,25,100,5.462943018
40.73999924,10,25,100,5.560334013
41.60693876,10,25,100,5.55873744
43.08969957,10,25,100,5.3902609
44.32955309,10,25,100,5.454275903
45.69188662,10,25,100,5.451767002
46.92626617,10,25,100,5.250598715
47.91363297,10,25,100,5.083034504
49.14869677,10,25,100,4.915014128
50.25854357,10,25,100,4.680926013
51.61745587,10,25,100,4.512677555
53.09953243,10,25,100,4.311053105
53.96305072,10,25,100,4.143716976
0.712984199,10,17,100,10.4738276
2.439336535,10,17,100,10.10600743
3.300802088,10,17,100,9.839227562
5.028522916,10,17,100,9.537703215
6.625552782,10,17,100,8.904927837
7.372065029,10,17,100,9.069298901
8.490122784,10,17,100,9.23298572
8.863036785,10,17,100,9.298597296
9.979726048,10,17,100,9.395988292
10.60238979,10,17,100,9.560587438
11.59317782,10,17,100,9.558762782
12.33832157,10,17,100,9.656838024
13.57475386,10,17,100,9.555113471
15.0609359,10,17,100,9.552376487
15.92924391,10,17,100,9.617075736
17.29089319,10,17,100,9.581418923
18.65391097,10,17,100,9.612057933
19.26904801,10,17,100,9.412030056
20.0087178,10,17,100,9.244922009
20.7470191,10,17,100,9.011518139
21.73370164,10,17,100,8.810806016
22.35020717,10,17,100,8.677073962
23.21304122,10,17,100,8.476589921
23.83159949,10,17,100,8.4423016
24.44605228,10,17,100,8.209125813
25.18845905,10,17,100,8.17460941
25.67974759,10,17,100,7.974809615
26.41668039,10,17,100,7.675109923
27.03455442,10,17,100,7.607673691
27.4026787,10,17,100,7.441249889
28.01644724,10,17,100,7.17492619
28.50842003,10,17,100,7.008274307
28.8779128,10,17,100,6.908146327
29.36988558,10,17,100,6.741494444
29.86254261,10,17,100,6.607990471
30.35451539,10,17,100,6.441338588
30.84717242,10,17,100,6.307834615
31.33846095,10,17,100,6.108034821
31.83180223,10,17,100,6.007678759
32.32445926,10,17,100,5.874174787
33.43293757,10,17,100,5.573790849
34.17192311,10,17,100,5.37353489
35.52946692,10,17,100,5.138990611
36.39366946,10,17,100,5.004802392
37.13128651,10,17,100,4.738250611
37.75052902,10,17,100,4.737110202
38.49088306,10,17,100,4.603150065
39.23123709,10,17,100,4.469189929
39.72457837,10,17,100,4.368833868
40.71194516,10,17,100,4.201269656
41.69725922,10,17,100,3.934261711
42.43829749,10,17,100,3.833449486
43.54951279,10,17,100,3.665657193
44.53687959,10,17,100,3.498092981
45.15406936,10,17,100,3.397508838
45.89510764,10,17,100,3.296696613
46.88384293,10,17,100,3.195428224
47.99642672,10,17,100,3.093931753
48.98447776,10,17,100,2.959515453
50.09500881,10,17,100,2.758575248
51.08305985,10,17,100,2.624158948
51.94863087,10,17,100,2.556266552
52.6903534,10,17,100,2.488602238
53.43207593,10,17,100,2.420937924
54.42149546,10,17,100,2.352817446
0.38837973,15,30,100,10.68790433
0.63450794,15,30,100,10.49088414
0.63715448,15,30,100,10.35973339
1.00436189,15,30,100,10.16256616
1.370907665,15,30,100,9.99818663
1.859194276,15,30,100,9.800872378
1.983581651,15,30,100,9.636786905
2.471206626,15,30,100,9.472260341
2.717996471,15,30,100,9.24245246
3.084542247,15,30,100,9.078072927
3.451088022,15,30,100,8.913693393
3.574813762,15,30,100,8.782395609
3.940697902,15,30,100,8.650803764
4.307243678,15,30,100,8.486424231
4.673127818,15,30,100,8.354832386
4.798176828,15,30,100,8.157959224
5.164060968,15,30,100,8.026367379
6.014923544,15,30,100,7.861399726
6.137987649,15,30,100,7.762889629
6.866447755,15,30,100,7.663644383
7.472505391,15,30,100,7.630121545
8.322044697,15,30,100,7.530729269
8.685282298,15,30,100,7.530288179
9.532836699,15,30,100,7.529258969
10.26063517,15,30,100,7.462801411
11.35034797,15,30,100,7.461478142
11.71490884,15,30,100,7.395461674
12.32096648,15,30,100,7.361938836
13.04810331,15,30,100,7.328268967
13.77391688,15,30,100,7.360174476
14.37732797,15,30,100,7.457802392
15.22422074,15,30,100,7.48956087
16.07111351,15,30,100,7.521319349
16.55476867,15,30,100,7.553518918
17.64381984,15,30,100,7.584983337
18.73353264,15,30,100,7.583660067
19.70282788,15,30,100,7.549696138
20.91494315,15,30,100,7.482650461
21.76315918,15,30,100,7.448833562
22.85287199,15,30,100,7.447510292
23.70108802,15,30,100,7.413693393
24.42888649,15,30,100,7.347235836
25.39884336,15,30,100,7.280484219
26.61095864,15,30,100,7.213438541
27.70199471,15,30,100,7.146539894
28.67195158,15,30,100,7.079788277
29.27800921,15,30,100,7.046265438
29.76298765,15,30,100,7.012889629
30.61054205,15,30,100,7.01186042
30.97642619,15,30,100,6.880268575
31.82265732,15,30,100,6.944814742
32.42937659,15,30,100,6.878504215
33.27957753,15,30,100,6.74632425
34.2475495,15,30,100,6.777935699
35.3372623,15,30,100,6.776612429
35.58339051,15,30,100,6.579592237
37.03898745,15,30,100,6.446677122
38.00894432,15,30,100,6.379925505
38.73806607,15,30,100,6.24789257
40.07324544,15,30,100,6.082336797
40.92146148,15,30,100,6.048519898
41.89141835,15,30,100,5.981768281
42.37772005,15,30,100,5.882817095
42.98443933,15,30,100,5.816506567
43.83397863,15,30,100,5.717114291
44.44003627,15,30,100,5.683591453
45.40800823,15,30,100,5.715202901
46.254901,15,30,100,5.74696138
47.09980886,15,30,100,5.877082925
47.94603999,15,30,100,5.941629092
48.79227112,15,30,100,6.00617526
49.51676142,15,30,100,6.103656146
50.24191335,15,30,100,6.168349343
51.08880612,15,30,100,6.200107822
51.93503725,15,30,100,6.264653989
52.65952754,15,30,100,6.362134876
53.38467947,15,30,100,6.426828073
53.98809057,15,30,100,6.524455989
-0.096598706,15,25,100,10.72128014
0.51210547,15,25,100,10.55660655
1.362306411,15,25,100,10.42442658
1.850593021,15,25,100,10.22711233
2.216477161,15,25,100,10.09552049
3.065354832,15,25,100,10.0289159
3.673397373,15,25,100,9.897029994
4.403842384,15,25,100,9.699421682
5.256689865,15,25,100,9.436090963
5.985811606,15,25,100,9.304058028
6.593854146,15,25,100,9.172172123
6.957753382,15,25,100,9.138943344
7.809939228,15,25,100,8.908400314
8.297564203,15,25,100,8.74387375
8.543030778,15,25,100,8.579641247
9.272152519,15,25,100,8.447608312
9.759777495,15,25,100,8.283081749
10.36980494,15,25,100,8.052832778
10.97652421,15,25,100,7.986522251
11.82606352,15,25,100,7.887129975
12.55452362,15,25,100,7.787884728
13.27901392,15,25,100,7.885365615
13.76134581,15,25,100,7.983140561
14.36277201,15,25,100,8.179131543
15.08660067,15,25,100,8.309400118
15.32809743,15,25,100,8.341893746
15.80976769,15,25,100,8.472456381
16.29209959,15,25,100,8.570231327
17.01592825,15,25,100,8.700499902
17.74108018,15,25,100,8.765193099
18.22407371,15,25,100,8.830180357
18.71037542,15,25,100,8.731229171
19.31907959,15,25,100,8.566555577
19.686287,15,25,100,8.369388355
20.17391198,15,25,100,8.204861792
20.54045775,15,25,100,8.040482258
21.14783866,15,25,100,7.941384042
21.63546363,15,25,100,7.776857479
22.00200941,15,25,100,7.612477946
22.49095766,15,25,100,7.382376005
23.1009851,15,25,100,7.152127034
24.07491178,15,25,100,6.888649284
24.07358851,15,25,100,6.954224662
24.44211919,15,25,100,6.691482062
24.92974417,15,25,100,6.526955499
25.17454911,15,25,100,6.395510684
25.66085081,15,25,100,6.296559498
26.02739659,15,25,100,6.132179965
26.27153989,15,25,100,6.033522839
26.6367624,15,25,100,5.934718683
26.88222897,15,25,100,5.770486179
27.12637228,15,25,100,5.671829053
27.49225642,15,25,100,5.540237208
27.73507646,15,25,100,5.50715546
28.34576554,15,25,100,5.2441188
28.34708881,15,25,100,5.178543423
28.22336307,15,25,100,5.309841208
28.83669869,15,25,100,4.915653793
28.59255538,15,25,100,5.014310919
29.08150363,15,25,100,4.784208979
29.6902078,15,25,100,4.619535385
30.17584787,15,25,100,4.553371888
30.54107038,15,25,100,4.454567732
30.90827779,15,25,100,4.25740051
31.39788767,15,25,100,3.99451088
31.88551264,15,25,100,3.829984317
32.25205842,15,25,100,3.665604783
32.49818663,15,25,100,3.468584591
33.35368065,15,25,100,3.074103117
34.08280239,15,25,100,2.942070182
35.89832876,15,25,100,2.972652421
35.53442952,15,25,100,3.0058812
36.74059008,15,25,100,3.233924721
37.340693,15,25,100,3.49549108
37.94542737,15,25,100,3.527543619
38.42775926,15,25,100,3.625318565
39.27134385,15,25,100,3.821015487
39.99384925,15,25,100,4.016859439
40.71635464,15,25,100,4.212703391
40.95718977,15,25,100,4.277984709
41.92251519,15,25,100,4.440746912
42.76477651,15,25,100,4.702019212
43.73010194,15,25,100,4.864781415
44.81584493,15,25,100,5.060184278
46.14771613,15,25,100,5.058566948
46.99791708,15,25,100,4.926386983
47.72571555,15,25,100,4.859929426
48.93783082,15,25,100,4.792883748
49.54653499,15,25,100,4.628210155
50.6382327,15,25,100,4.528523819
51.61017448,15,25,100,4.363409135
52.33797295,15,25,100,4.296951578
53.19015879,15,25,100,4.066408547
54.03903646,15,25,100,3.99980396
0.268623799,15,17,100,10.62247599
1.12147128,15,17,100,10.35914527
1.731498726,15,17,100,10.12889629
2.459297197,15,17,100,10.06243874
2.947583807,15,17,100,9.865124485
3.555626348,15,17,100,9.733238581
4.040604783,15,17,100,9.699862772
4.043251323,15,17,100,9.568712017
4.531537934,15,17,100,9.371397765
5.505464615,15,17,100,9.107920016
6.234586356,15,17,100,8.975887081
7.321652617,15,17,100,9.105714566
8.288301313,15,17,100,9.202901392
9.015438149,15,17,100,9.169231523
9.861669281,15,17,100,9.233777691
10.58814448,15,17,100,9.232895511
11.55545481,15,17,100,9.297294648
12.40234758,15,17,100,9.329053127
13.24924035,15,17,100,9.360811606
13.97571555,15,17,100,9.359929426
14.82260831,15,17,100,9.391687904
15.54974515,15,17,100,9.358018036
16.39663791,15,17,100,9.389776514
17.96868261,15,17,100,9.486228191
17.36857969,15,17,100,9.224661831
18.21216428,15,17,100,9.420358753
19.42163301,15,17,100,9.484463831
20.26918741,15,17,100,9.483434621
20.99566262,15,17,100,9.482552441
21.72147618,15,17,100,9.514457949
22.20579298,15,17,100,9.513869829
23.17376495,15,17,100,9.545481278
24.13975201,15,17,100,9.675455793
24.26678592,15,17,100,9.380219565
24.87482847,15,17,100,9.24833366
25.60461184,15,17,100,9.083513037
26.09223682,15,17,100,8.918986473
26.70557244,15,17,100,8.524799059
26.82334346,15,17,100,8.688590472
27.79727014,15,17,100,8.425112723
28.16381592,15,17,100,8.26073319
28.28820329,15,17,100,8.096647716
29.2608067,15,17,100,7.898745344
29.86951088,15,17,100,7.734071751
30.47887669,15,17,100,7.536610469
30.9671633,15,17,100,7.339296216
31.21262988,15,17,100,7.175063713
31.69959322,15,17,100,7.043324838
32.43069986,15,17,100,6.812928837
33.28288571,15,17,100,6.582385807
33.65207802,15,17,100,6.286855519
34.62468144,15,17,100,6.088953146
35.34784846,15,17,100,6.25200941
36.31515879,15,17,100,6.316408547
37.16006665,15,17,100,6.446530092
38.49193786,15,17,100,6.444912762
39.33816899,15,17,100,6.50945893
40.30415605,15,17,100,6.639433444
41.03063125,15,17,100,6.638551264
42.11769751,15,17,100,6.768378749
42.84152617,15,17,100,6.898647324
43.3245197,15,17,100,6.963634581
44.77680847,15,17,100,6.99465791
45.14203097,15,17,100,6.895853754
45.50791511,15,17,100,6.764261909
46.35877769,15,17,100,6.599294256
46.72730837,15,17,100,6.336551657
47.45775338,15,17,100,6.138943344
48.3112625,15,17,100,5.842824936
49.16212507,15,17,100,5.677857283
49.53197902,15,17,100,5.349539306
50.38217996,15,17,100,5.217359341
50.99353068,15,17,100,4.921534993
51.72463733,15,17,100,4.691138992
52.09250637,15,17,100,4.461184082
52.94535385,15,17,100,4.197853362
53.4343021,15,17,100,3.967751421
54.40822878,15,17,100,3.704273672
0.113125689,25,30,100,10.59026741
0.493009049,25,30,100,10.38372179
0.872527487,25,30,100,10.14279246
1.380498321,25,30,100,10.0049332
1.633753894,25,30,100,9.867236125
1.632659129,25,30,100,9.764084959
1.884090095,25,30,100,9.454469276
2.010717882,25,30,100,9.385620738
2.390966164,25,30,100,9.213458848
2.516864107,25,30,100,9.075842867
2.897477311,25,30,100,8.938064699
2.896747468,25,30,100,8.869297256
3.275171141,25,30,100,8.525216757
3.273711455,25,30,100,8.387681869
3.526967029,25,30,100,8.249984795
4.034937862,25,30,100,8.112125533
4.033478176,25,30,100,7.974590646
4.414091379,25,30,100,7.836812478
4.412266771,25,30,100,7.664893869
4.665157423,25,30,100,7.492813072
5.172398413,25,30,100,7.286186367
5.170938727,25,30,100,7.14865148
5.423464457,25,30,100,6.942186961
5.676355109,25,30,100,6.770106165
6.056238469,25,30,100,6.563560553
6.563844381,25,30,100,6.39131757
6.819289484,25,30,100,6.459922826
7.583435264,25,30,100,6.459436264
9.11355143,25,30,100,6.630381749
8.858471249,25,30,100,6.596160214
10.26049994,25,30,100,6.698419349
10.00687945,25,30,100,6.801732702
11.15382796,25,30,100,6.869770302
11.53626577,25,30,100,6.903910743
12.30114139,25,30,100,6.972191624
12.42849902,25,30,100,6.972110531
13.32182704,25,30,100,7.143461484
14.08743251,25,30,100,7.280509809
14.97966576,25,30,100,7.348709597
15.61718375,25,30,100,7.417071572
16.12734411,25,30,100,7.485514641
16.89294958,25,30,100,7.622562966
18.04062794,25,30,100,7.75936801
18.55005846,25,30,100,7.759043635
19.31347439,25,30,100,7.689789629
19.94916778,25,30,100,7.586232996
20.585591,25,30,100,7.551443805
21.22128439,25,30,100,7.447887172
21.98506525,25,30,100,7.413016888
22.87620373,25,30,100,7.37806551
23.38563425,25,30,100,7.377741135
24.40340053,25,30,100,7.273941221
25.42226157,25,30,100,7.273292471
26.05795495,25,30,100,7.169735837
26.69401326,25,30,100,7.100562925
27.58551667,25,30,100,7.09999527
28.22121005,25,30,100,6.996438636
29.62214398,25,30,100,6.995546605
30.64100502,25,30,100,6.994897856
31.27706333,25,30,100,6.925724944
32.42291707,25,30,100,6.890611379
33.05970522,25,30,100,6.89020591
33.69649337,25,30,100,6.889800442
34.20519405,25,30,100,6.820708624
34.96897491,25,30,100,6.78583834
35.85901863,25,30,100,6.647735797
36.75015712,25,30,100,6.612784419
37.64093069,25,30,100,6.54344932
38.65906188,25,30,100,6.474033127
39.29512019,25,30,100,6.404860215
40.18589375,25,30,100,6.335525115
41.20402495,25,30,100,6.266108922
42.34914885,25,30,100,6.162227914
42.73195159,25,30,100,6.230752076
43.4950026,25,30,100,6.127114349
44.13142583,25,30,100,6.092325159
45.02183447,25,30,100,5.988606337
45.91151328,25,30,100,5.816120073
46.41911919,25,30,100,5.643877089
47.05481257,25,30,100,5.540320455
47.43469593,25,30,100,5.333774843
47.94266677,25,30,100,5.195915581
48.4506376,25,30,100,5.05805632
49.08633098,25,30,100,4.954499686
49.59357197,25,30,100,4.74787298
50.22853552,25,30,100,4.575548903
50.73723619,25,30,100,4.506457085
51.2448421,25,30,100,4.334214101
52.00716328,25,30,100,4.16180893
52.51403934,25,30,100,3.920798502
53.0223751,25,30,100,3.817322962
53.78542611,25,30,100,3.713685235
0.241213162,25,25,100,10.65895376
0.748819073,25,25,100,10.48671077
1.384512458,25,25,100,10.38315414
2.019840921,25,25,100,10.24521378
2.655534306,25,25,100,10.14165715
3.163870061,25,25,100,10.03818161
3.672205816,25,25,100,9.934706069
4.307899201,25,25,100,9.831149435
4.943227664,25,25,100,9.69320908
5.83400123,25,25,100,9.62387398
6.724044953,25,25,100,9.485771437
7.613723754,25,25,100,9.313285173
8.249417139,25,25,100,9.209728539
9.012468154,25,25,100,9.106090811
9.647796617,25,25,100,8.968150456
10.53784034,25,25,100,8.830047913
11.1731688,25,25,100,8.692107557
12.31902255,25,25,100,8.656993992
13.4648763,25,25,100,8.621880427
14.48373734,25,25,100,8.621231678
15.5029633,25,25,100,8.65496665
16.26674416,25,25,100,8.620096366
17.03088994,25,25,100,8.619609804
17.79503572,25,25,100,8.619123242
18.6861742,25,25,100,8.584171865
19.32186759,25,25,100,8.480615231
19.70248079,25,25,100,8.342837063
20.33780925,25,25,100,8.204896707
20.97350264,25,25,100,8.101340073
21.73618873,25,25,100,7.963318624
22.49887483,25,25,100,7.825297175
23.38964839,25,25,100,7.755962075
24.53440737,25,25,100,7.617697345
24.9153855,25,25,100,7.514302898
24.91429073,25,25,100,7.411151733
25.42080188,25,25,100,7.135757584
25.67296269,25,25,100,6.894909344
26.30719639,25,25,100,6.653817823
25.92585334,25,25,100,6.722828548
26.30500686,25,25,100,6.447515492
26.68598498,25,25,100,6.344121046
27.19395582,25,25,100,6.206261784
27.57456902,25,25,100,6.068483616
27.82782459,25,25,100,5.930786541
28.08035032,25,25,100,5.724322023
28.46132845,25,25,100,5.620927577
28.71458402,25,25,100,5.483230502
28.9678396,25,25,100,5.345533427
29.22036533,25,25,100,5.139068909
30.23630699,25,25,100,4.863350386
30.6169202,25,25,100,4.725572217
30.86871608,25,25,100,4.450340256
31.12160674,25,25,100,4.278259459
31.50112517,25,25,100,4.037330126
32.00873109,25,25,100,3.865087142
32.38861445,25,25,100,3.65854153
32.89622036,25,25,100,3.486298546
33.27500895,25,25,100,3.176601769
34.0351406,25,25,100,2.797894267
34.67265859,25,25,100,2.866256243
35.43862898,25,25,100,3.037688289
36.07724173,25,25,100,3.20920143
37.09865722,25,25,100,3.449238733
37.61064219,25,25,100,3.689600411
38.12116748,25,25,100,3.792427202
38.63278753,25,25,100,3.998405158
39.14440758,25,25,100,4.204383114
39.65493286,25,25,100,4.307209904
40.29354562,25,25,100,4.478723045
40.67707819,25,25,100,4.616014651
41.18833332,25,25,100,4.787608885
41.69922353,25,25,100,4.924819398
42.59218662,25,25,100,5.061786629
43.10344175,25,25,100,5.233380863
43.48770417,25,25,100,5.439439913
44.12631693,25,25,100,5.610953054
44.5098495,25,25,100,5.74824466
45.14882718,25,25,100,5.954141522
46.16622854,25,25,100,5.815957885
47.30843307,25,25,100,5.437007102
48.07075424,25,25,100,5.264601931
48.83307541,25,25,100,5.09219676
49.5939369,25,25,100,4.782256702
50.10227265,25,25,100,4.678781162
50.99049177,25,25,100,4.36876001
52.26151361,25,25,100,4.127263021
53.0223751,25,25,100,3.817322962
53.53071085,25,25,100,3.713847422
0.622556208,25,17,100,10.58994303
1.765855505,25,17,100,10.31414341
2.656264149,25,17,100,10.21042459
3.036512431,25,17,100,10.0382627
3.798468681,25,17,100,9.83147381
4.815870034,25,17,100,9.693290173
5.069855451,25,17,100,9.624360543
5.705183914,25,17,100,9.486420187
6.213154747,25,17,100,9.348560925
6.849213053,25,17,100,9.279388013
7.613723754,25,17,100,9.313285173
8.760307345,25,17,100,9.346939051
9.396730573,25,17,100,9.312149861
10.28823398,25,17,100,9.311582205
10.79693466,25,17,100,9.242490387
12.07087588,25,17,100,9.276063172
13.08973692,25,17,100,9.275414423
13.6002622,25,17,100,9.378241213
14.61912324,25,17,100,9.377592464
15.51062665,25,17,100,9.377024808
16.40249498,25,17,100,9.410840874
17.1673706,25,17,100,9.479121755
18.31431912,25,17,100,9.547159356
18.82119519,25,17,100,9.306148929
19.71160383,25,17,100,9.202430107
20.21957466,25,17,100,9.064570845
20.85599789,25,17,100,9.029781655
21.36396872,25,17,100,8.891922393
21.74458193,25,17,100,8.754144225
22.5069031,25,17,100,8.581739054
23.01450901,25,17,100,8.40949607
23.52284477,25,17,100,8.30602053
24.15707846,25,17,100,8.064929009
24.79313677,25,17,100,7.995756097
25.3011076,25,17,100,7.857896835
25.80871352,25,17,100,7.685653852
26.31668435,25,17,100,7.54779459
27.33262602,25,17,100,7.272076066
28.6025531,25,17,100,6.927427911
29.11125378,25,17,100,6.858336093
29.61667016,25,17,100,6.479790778
29.10979409,25,17,100,6.720801206
30.12464099,25,17,100,6.341931516
30.6322469,25,17,100,6.169688533
31.01286011,25,17,100,6.031910364
31.90326875,25,17,100,5.928191543
32.41160451,25,17,100,5.824716003
32.91921042,25,17,100,5.652473019
33.55417396,25,17,100,5.480148942
34.18950242,25,17,100,5.342208586
34.95255344,25,17,100,5.238570859
35.71669922,25,17,100,5.238084297
37.11799807,25,17,100,5.271575988
37.50043588,25,17,100,5.305716429
38.39157437,25,17,100,5.270765051
39.91913608,25,17,100,5.201024484
39.53742811,25,17,100,5.235651486
41.19271238,25,17,100,5.200213547
42.21157342,25,17,100,5.199564797
42.84872649,25,17,100,5.233543051
44.37665313,25,17,100,5.198186205
45.26779162,25,17,100,5.163234827
45.64986451,25,17,100,5.162991546
46.53954331,25,17,100,4.990505281
47.42812734,25,17,100,4.714867851
48.31780615,25,17,100,4.542381586
48.95276969,25,17,100,4.370057509
49.97017104,25,17,100,4.231873872
51.1145651,25,17,100,4.05922542
52.0042439,25,17,100,3.886739155
52.89501747,25,17,100,3.817404056
54.16676916,25,17,100,3.64467451
0.013354114,50,30,100,10.63491278
0.366772296,50,30,100,10.50772089
0.603109059,50,30,100,10.34885179
0.840066943,50,30,100,10.12649026
1.076093145,50,30,100,9.999367376
1.430132448,50,30,100,9.80868305
1.667090333,50,30,100,9.586321522
1.903427096,50,30,100,9.427452424
2.139763859,50,30,100,9.268583325
2.376411182,50,30,100,9.077968012
2.612747945,50,30,100,8.919098914
2.848774148,50,30,100,8.791976029
3.085421471,50,30,100,8.601360716
3.321758234,50,30,100,8.442491618
3.557784436,50,30,100,8.315368733
3.79443176,50,30,100,8.12475342
4.031389645,50,30,100,7.902391893
4.268036968,50,30,100,7.71177658
4.50406317,50,30,100,7.584653696
4.857791913,50,30,100,7.425715584
5.094439236,50,30,100,7.235100271
5.448167979,50,30,100,7.076162159
5.567733884,50,30,100,6.853869645
5.921773187,50,30,100,6.663185319
6.276433612,50,30,100,6.409008563
6.864014631,50,30,100,6.345171067
7.451906211,50,30,100,6.249587357
7.921474129,50,30,100,6.249311303
8.509055148,50,30,100,6.185473806
9.096325606,50,30,100,6.153382525
9.566514645,50,30,100,6.089614042
10.15347454,50,30,100,6.089268974
10.74105556,50,30,100,6.025431478
11.44633912,50,30,100,5.929778754
12.2687041,50,30,100,5.865803231
13.08982683,50,30,100,5.928812565
14.02958379,50,30,100,5.864768028
15.08580105,50,30,100,5.895893121
15.7895318,50,30,100,5.958971469
16.49326256,50,30,100,6.022049816
17.07991189,50,30,100,6.053450963
17.78395321,50,30,100,6.084783096
18.13612915,50,30,100,6.084576056
18.84234439,50,30,100,5.893684689
19.19545201,50,30,100,5.798239005
19.66626217,50,30,100,5.670978094
20.01968035,50,30,100,5.543786196
20.37309853,50,30,100,5.416594298
20.96130067,50,30,100,5.289264374
21.4324214,50,30,100,5.130257248
21.90323156,50,30,100,5.002996337
22.72652822,50,30,100,4.84378217
23.07963584,50,30,100,4.748336487
23.43367514,50,30,100,4.55765216
24.2569718,50,30,100,4.398437994
24.960392,50,30,100,4.493262556
26.01629869,50,30,100,4.556133863
26.83742143,50,30,100,4.619143197
27.89332812,50,30,100,4.682014504
28.59674831,50,30,100,4.776839066
29.41787105,50,30,100,4.8398484
30.47377774,50,30,100,4.902719707
31.29458992,50,30,100,4.997475256
32.23310463,50,30,100,5.060415576
33.28901132,50,30,100,5.123286883
34.11013406,50,30,100,5.186296217
35.04958046,50,30,100,5.153997895
35.87132431,50,30,100,5.153514801
36.57691843,50,30,100,5.026115862
37.16449945,50,30,100,4.962278366
38.33872981,50,30,100,4.929842017
39.39525762,50,30,100,4.929220895
40.56948798,50,30,100,4.896784546
41.39216352,50,30,100,4.801062808
41.74496058,50,30,100,4.737363339
42.56732555,50,30,100,4.673387816
43.74124535,50,30,100,4.672697681
44.79839429,50,30,100,4.60858413
45.62169095,50,30,100,4.449369964
46.09281167,50,30,100,4.290362839
46.79871635,50,30,100,4.131217686
47.62201301,50,30,100,3.97200352
48.21021515,50,30,100,3.844673595
49.03351181,50,30,100,3.685459429
49.38724055,50,30,100,3.526521317
50.09314523,50,30,100,3.367376164
50.91644189,50,30,100,3.208161998
51.85806222,50,30,100,2.953640175
52.68166944,50,30,100,2.762679795
53.50620834,50,30,100,2.476480771
0.131056654,50,25,100,10.60309756
1.071745294,50,25,100,10.44381438
1.543487138,50,25,100,10.22131482
2.249081258,50,25,100,10.09391588
2.837593959,50,25,100,9.934839745
3.309335802,50,25,100,9.712340191
4.132321902,50,25,100,9.584872239
5.073321103,50,25,100,9.393842845
5.545373507,50,25,100,9.139597076
6.368980728,50,25,100,8.948636696
7.074574848,50,25,100,8.821237757
7.546006131,50,25,100,8.630484417
8.252842494,50,25,100,8.376100622
8.605950115,50,25,100,8.280654938
9.311854796,50,25,100,8.121509786
9.782975517,50,25,100,7.96250266
10.13670426,50,25,100,7.803564548
10.84323006,50,25,100,7.580926966
11.5494453,50,25,100,7.390035599
12.37336309,50,25,100,7.167329005
13.31001444,50,25,100,7.420746611
14.13051605,50,25,100,7.547248374
14.83300456,50,25,100,7.737311579
15.41810109,50,25,100,7.927443797
16.47338667,50,25,100,8.053807533
17.17618574,50,25,100,8.212124523
18.34762105,50,25,100,8.465404103
19.52154084,50,25,100,8.464713968
20.45912387,50,25,100,8.622892931
21.28024661,50,25,100,8.685902265
22.10136934,50,25,100,8.748911599
23.86100679,50,25,100,8.874861254
24.56535867,50,25,100,8.874447173
24.91846629,50,25,100,8.77900149
25.62374985,50,25,100,8.683348766
25.97654691,50,25,100,8.619649296
26.56474905,50,25,100,8.492319372
27.15264063,50,25,100,8.396735661
27.74084277,50,25,100,8.269405736
28.44643689,50,25,100,8.142006798
28.91693649,50,25,100,8.046492101
29.74023315,50,25,100,7.887277935
30.32874585,50,25,100,7.728201796
31.03433997,50,25,100,7.600802857
31.73962353,50,25,100,7.505150133
32.56229907,50,25,100,7.409428396
33.50329827,50,25,100,7.218399002
34.20889239,50,25,100,7.091000063
34.91417595,50,25,100,6.995347339
35.38529667,50,25,100,6.836340214
36.09089079,50,25,100,6.708941275
36.56139039,50,25,100,6.613426578
37.26729507,50,25,100,6.454281426
37.85549721,50,25,100,6.326951501
38.56078077,50,25,100,6.231298777
38.91388839,50,25,100,6.135853093
39.50209053,50,25,100,6.008523168
39.97259013,50,25,100,5.913008471
40.67787369,50,25,100,5.817355747
41.14837329,50,25,100,5.72184105
41.85427797,50,25,100,5.562695898
42.44279068,50,25,100,5.403619759
42.67881688,50,25,100,5.276496874
43.384411,50,25,100,5.149097936
43.8549106,50,25,100,5.053583239
44.56019416,50,25,100,4.957930515
45.3828697,50,25,100,4.862208777
45.73721956,50,25,100,4.639778237
46.4434348,50,25,100,4.44888687
47.26704202,50,25,100,4.257926489
47.85555472,50,25,100,4.09885035
48.4434463,50,25,100,4.003266639
49.03195901,50,25,100,3.8441905
49.73817425,50,25,100,3.653299133
50.56209203,50,25,100,3.430592538
51.15060473,50,25,100,3.271516399
51.73911743,50,25,100,3.11244026
52.09222505,50,25,100,3.016994577
52.91583227,50,25,100,2.826034196
53.62080527,50,25,100,2.762127686
0.836961335,50,17,100,10.4439524
1.190068956,50,17,100,10.34850672
2.013986738,50,17,100,10.12580013
2.719891419,50,17,100,9.966654973
2.955917621,50,17,100,9.839532088
3.426417221,50,17,100,9.744017391
3.780145964,50,17,100,9.585079279
4.486050644,50,17,100,9.425934127
4.721766286,50,17,100,9.330557457
5.19381869,50,17,100,9.076311688
5.666181655,50,17,100,8.790319705
6.254694356,50,17,100,8.631243566
6.723330592,50,17,100,8.726206155
7.662155867,50,17,100,8.757400261
8.600981142,50,17,100,8.788594367
9.657198397,50,17,100,8.81971946
10.12707688,50,17,100,8.787697192
10.83080763,50,17,100,8.850775539
11.53609119,50,17,100,8.755122815
12.24044307,50,17,100,8.754708734
12.70970042,50,17,100,8.786178895
13.17926834,50,17,100,8.78590284
13.76622824,50,17,100,8.785557773
14.47026956,50,17,100,8.816889906
14.82244549,50,17,100,8.816682866
15.64418935,50,17,100,8.816199771
16.34885179,50,17,100,8.784039476
17.28798762,50,17,100,8.783487368
18.10973148,50,17,100,8.783004273
18.93209646,50,17,100,8.71902875
18.9333387,50,17,100,8.592043893
19.52247252,50,17,100,8.369475325
20.2283772,50,17,100,8.210330172
20.81626878,50,17,100,8.114746462
21.52217347,50,17,100,7.955601309
21.99298363,50,17,100,7.828340398
22.34578069,50,17,100,7.764640928
22.93429339,50,17,100,7.605564789
23.64019807,50,17,100,7.446419637
24.22840021,50,17,100,7.319089712
24.93399433,50,17,100,7.191690773
25.28741251,50,17,100,7.064498876
26.22685891,50,17,100,7.032200553
26.81506105,50,17,100,6.904870628
27.63835771,50,17,100,6.745656462
28.46103325,50,17,100,6.649934725
29.04892483,50,17,100,6.554351014
29.63681641,50,17,100,6.458767304
30.34241053,50,17,100,6.331368365
30.69551815,50,17,100,6.235922682
31.40049115,50,17,100,6.172016172
32.22347725,50,17,100,6.04454822
32.69366629,50,17,100,5.980779738
33.28280011,50,17,100,5.75821117
34.2222465,50,17,100,5.725912847
35.16138234,50,17,100,5.725360739
35.86480254,50,17,100,5.820185301
36.56822273,50,17,100,5.915009863
37.15456151,50,17,100,5.978157224
37.7415214,50,17,100,5.977812157
38.4449416,50,17,100,6.072636719
39.50084829,50,17,100,6.135508026
40.43905244,50,17,100,6.230194561
40.20426849,50,17,100,6.230332588
41.26048574,50,17,100,6.26145768
41.9642165,50,17,100,6.324536028
42.55055527,50,17,100,6.387683389
43.60770421,50,17,100,6.323569839
44.31050328,50,17,100,6.481886829
45.24777575,50,17,100,6.671812007
45.3670311,50,17,100,6.481265708
46.19032776,50,17,100,6.322051542
46.77946158,50,17,100,6.099482974
47.13350088,50,17,100,5.908798647
47.48691906,50,17,100,5.78160675
47.72294527,50,17,100,5.654483865
48.19375543,50,17,100,5.527222954
48.42978163,50,17,100,5.40010007
48.78319981,50,17,100,5.272908172
49.13630743,50,17,100,5.177462488
49.48972561,50,17,100,5.05027059
49.72544126,50,17,100,4.95489392
50.07854888,50,17,100,4.859448237
50.54935904,50,17,100,4.732187326
50.90246666,50,17,100,4.636741642
51.13911398,50,17,100,4.446126329
51.72762668,50,17,100,4.28705019
52.1987474,50,17,100,4.128043064
52.66924701,50,17,100,4.032528367
53.02266519,50,17,100,3.90533647
53.49378591,50,17,100,3.746329344
53.72950155,50,17,100,3.650952674
0.20834398,0,30,90,10.56382163
0.54086649,0,30,90,10.62404055
1.315188619,0,30,90,10.59497358
1.758367998,0,30,90,10.65531515
2.422861114,0,30,90,10.71590201
2.97642141,0,30,90,10.74644073
3.75101949,0,30,90,10.74729924
4.304579786,0,30,90,10.77783796
5.079729771,0,30,90,10.83854747
5.52290915,0,30,90,10.89888904
6.18657441,0,30,90,10.86969942
6.85023967,0,30,90,10.8405098
7.624009893,0,30,90,10.75159184
8.287675153,0,30,90,10.72240222
8.950512556,0,30,90,10.60343612
9.724834684,0,30,90,10.57436914
10.498053,0,30,90,10.4256002
11.38275605,0,30,90,10.36673037
11.93548849,0,30,90,10.30749262
12.82046748,0,30,90,10.27854829
14.03741709,0,30,90,10.24997189
14.70053044,0,30,90,10.16093129
15.25381478,0,30,90,10.16154452
16.02786096,0,30,90,10.10255205
16.91283996,0,30,90,10.07360772
17.68661018,0,30,90,9.984689758
18.46120826,0,30,90,9.985548276
19.45684413,0,30,90,9.956726593
20.45275595,0,30,90,9.957830402
21.1158693,0,30,90,9.868789796
22.00002044,0,30,90,9.750068988
22.77461852,0,30,90,9.750927506
23.88091126,0,30,90,9.722228468
24.54457652,0,30,90,9.693038848
25.43065932,0,30,90,9.78379649
25.65362877,0,30,90,9.963594739
26.42767495,0,30,90,9.904602271
27.09216807,0,30,90,9.96518913
27.97797492,0,30,90,10.02602128
28.53208712,0,30,90,10.11641098
29.41816993,0,30,90,10.20716863
30.19331991,0,30,90,10.26787813
30.85808898,0,30,90,10.35839048
31.63351492,0,30,90,10.44902548
32.85129238,0,30,90,10.51022557
33.73792709,0,30,90,10.66083419
34.84559958,0,30,90,10.78176262
35.39833202,0,30,90,10.72252486
36.39314003,0,30,90,10.6039267
36.94642437,0,30,90,10.60453993
37.94150833,0,30,90,10.51586726
38.71638237,0,30,90,10.54665127
39.38004763,0,30,90,10.51746165
40.26530258,0,30,90,10.51844281
41.37104341,0,30,90,10.42989279
42.47733614,0,30,90,10.40119375
43.47269605,0,30,90,10.34244657
44.13636131,0,30,90,10.31325695
44.80030253,0,30,90,10.31399283
45.68555747,0,30,90,10.31497399
46.45877579,0,30,90,10.16620504
47.1216132,0,30,90,10.04723894
47.78472655,0,30,90,9.958198338
48.44811586,0,30,90,9.899083225
49.00057235,0,30,90,9.809919974
49.44264792,0,30,90,9.75055957
50.10603722,0,30,90,9.691444457
50.3265231,0,30,90,9.601913269
50.99018836,0,30,90,9.572723649
51.65330172,0,30,90,9.483683043
52.09510134,0,30,90,9.394397146
52.75849064,0,30,90,9.335282033
53.20029026,0,30,90,9.245996137
53.97433644,0,30,90,9.187003669
0.208619932,0,25,90,10.59374713
1.314360762,0,25,90,10.5051971
2.08868289,0,25,90,10.47613013
2.752624102,0,25,90,10.476866
3.747984015,0,25,90,10.41811882
4.964933618,0,25,90,10.38954243
5.739255746,0,25,90,10.36047546
6.292264137,0,25,90,10.33116319
7.06713817,0,25,90,10.3619472
7.731355335,0,25,90,10.39260857
8.173982809,0,25,90,10.39309915
8.949132794,0,25,90,10.45380865
9.834663696,0,25,90,10.48471531
10.49888086,0,25,90,10.51537667
11.16337398,0,25,90,10.57596353
11.71693427,0,25,90,10.60650225
12.26966671,0,25,90,10.5472645
12.49042854,0,25,90,10.4876588
13.81720716,0,25,90,10.36942857
14.48059647,0,25,90,10.31031346
15.47512852,0,25,90,10.16178981
16.24862279,0,25,90,10.04294635
17.35436362,0,25,90,9.954396329
18.01720103,0,25,90,9.83543023
18.90328383,0,25,90,9.926187872
19.67898572,0,25,90,10.04674836
20.23254602,0,25,90,10.07728708
20.78721012,0,25,90,10.22752777
21.45197919,0,25,90,10.31804013
22.11702421,0,25,90,10.43847797
22.67058451,0,25,90,10.46901669
23.4462864,0,25,90,10.58957718
23.88946578,0,25,90,10.64991875
24.77527263,0,25,90,10.7107509
25.55014666,0,25,90,10.74153491
26.21436383,0,25,90,10.77219627
27.10044663,0,25,90,10.86295392
27.98570158,0,25,90,10.86393508
28.76057562,0,25,90,10.89471909
29.64610652,0,25,90,10.92562575
30.53163742,0,25,90,10.9565324
31.52754924,0,25,90,10.95763621
32.41308014,0,25,90,10.98854287
33.29888699,0,25,90,11.04937502
34.18414194,0,25,90,11.05035618
34.95874002,0,25,90,11.0512147
35.62268123,0,25,90,11.05195057
36.39617551,0,25,90,10.93310712
37.39125947,0,25,90,10.84443445
38.49672434,0,25,90,10.72595893
38.82814305,0,25,90,10.66647588
39.93360792,0,25,90,10.54800037
40.70793005,0,25,90,10.51893339
42.80903079,0,25,90,10.37163619
43.69318193,0,25,90,10.25291538
44.79837086,0,25,90,10.10451438
45.46258802,0,25,90,10.13517574
46.56943266,0,25,90,10.16632769
47.56534448,0,25,90,10.1674315
48.67218912,0,25,90,10.19858344
49.77930971,0,25,90,10.25966089
50.55363184,0,25,90,10.23059391
51.217849,0,25,90,10.26125528
52.21403677,0,25,90,10.29228458
52.87797799,0,25,90,10.29302045
53.76378484,0,25,90,10.3538526
0.540038633,0,17,90,10.53426408
1.646055415,0,17,90,10.47563954
2.419825639,0,17,90,10.38672158
3.193595863,0,17,90,10.29780362
3.967366086,0,17,90,10.20888566
4.630755394,0,17,90,10.14977055
5.18321188,0,17,90,10.0606073
6.177743937,0,17,90,9.912083644
6.95261797,0,17,90,9.942867655
7.616835134,0,17,90,9.973529021
8.391985119,0,17,90,10.03423852
9.056202283,0,17,90,10.06489989
9.830800364,0,17,90,10.06575841
10.27342784,0,17,90,10.06624899
11.04830187,0,17,90,10.097033
11.822624,0,17,90,10.06796603
12.59722208,0,17,90,10.06882455
13.2622671,0,17,90,10.18926239
14.47976861,0,17,90,10.22053698
15.58661325,0,17,90,10.25168893
16.25110636,0,17,90,10.31227579
17.02515254,0,17,90,10.25328332
17.9120632,0,17,90,10.43381744
18.68638533,0,17,90,10.40475047
19.68229715,0,17,90,10.40585428
20.45717118,0,17,90,10.43663829
21.23204522,0,17,90,10.4674223
21.78560551,0,17,90,10.49796102
22.5607555,0,17,90,10.55867052
23.22469671,0,17,90,10.5594064
24.10939975,0,17,90,10.50053657
24.99548256,0,17,90,10.59129422
26.1023272,0,17,90,10.62244616
26.87637337,0,17,90,10.5634537
27.76190428,0,17,90,10.59436035
28.75781609,0,17,90,10.59546416
29.64307104,0,17,90,10.59644533
30.74908782,0,17,90,10.53782079
31.52340995,0,17,90,10.50875382
33.07260611,0,17,90,10.51047086
33.95703321,0,17,90,10.42167554
34.73135533,0,17,90,10.39260857
35.83819997,0,17,90,10.42376051
37.05542553,0,17,90,10.42510961
38.05023354,0,17,90,10.30651145
38.82455567,0,17,90,10.27744448
39.93057245,0,17,90,10.21881995
40.70544648,0,17,90,10.24960396
41.59014953,0,17,90,10.19073414
42.47595638,0,17,90,10.25156628
42.917756,0,17,90,10.16228039
44.1347056,0,17,90,10.133704
46.34756702,0,17,90,10.10623141
46.7901945,0,17,90,10.10672199
48.55932463,0,17,90,9.959056856
49.77599828,0,17,90,9.900554971
50.66097728,0,17,90,9.871610642
51.6568891,0,17,90,9.872714451
52.32027841,0,17,90,9.813599338
53.53695206,0,17,90,9.755097452
54.09051235,0,17,90,9.785636172
0.106508876,5,30,90,10.58992806
0.426035503,5,30,90,10.47464987
0.852071006,5,30,90,10.35931491
1.171597633,5,30,90,10.21525974
1.384615385,5,30,90,10.10003831
1.704142012,5,30,90,9.984760121
2.130177515,5,30,90,9.840648192
2.449704142,5,30,90,9.696593021
2.769230769,5,30,90,9.610091808
3.088757396,5,30,90,9.494813617
3.195266272,5,30,90,9.408425922
3.727810651,5,30,90,9.264257233
3.834319527,5,30,90,9.120315582
4.366863905,5,30,90,8.947369915
4.579881657,5,30,90,8.832148482
4.899408284,5,30,90,8.745647269
5.325443787,5,30,90,8.60153534
5.538461538,5,30,90,8.486313907
5.964497041,5,30,90,8.313425
6.49704142,5,30,90,8.341918181
7.136094675,5,30,90,8.370354604
7.881656805,5,30,90,8.485065202
8.733727811,5,30,90,8.599719041
9.266272189,5,30,90,8.656989202
9.905325444,5,30,90,8.742979581
10.5443787,5,30,90,8.800192982
10.75739645,5,30,90,8.85763342
11.50295858,5,30,90,8.914790061
11.92899408,5,30,90,8.943340003
12.35502959,5,30,90,8.971889944
12.99408284,5,30,90,9.086657301
13.52662722,5,30,90,9.143927462
14.16568047,5,30,90,9.258694819
14.59171598,5,30,90,9.316021739
15.01775148,5,30,90,9.459679594
15.65680473,5,30,90,9.488116016
16.61538462,5,30,90,9.602713096
16.93491124,5,30,90,9.660096775
17.46745562,5,30,90,9.717366935
17.89349112,5,30,90,9.774693854
18.74556213,5,30,90,9.803016758
19.49112426,5,30,90,9.745065486
20.02366864,5,30,90,9.687227733
20.66272189,5,30,90,9.686887177
21.19526627,5,30,90,9.68660338
22.15384615,5,30,90,9.657315568
22.47337278,5,30,90,9.599591333
23.21893491,5,30,90,9.599194018
23.64497041,5,30,90,9.570190002
24.49704142,5,30,90,9.598512906
25.0295858,5,30,90,9.598229109
25.66863905,5,30,90,9.626665531
26.41420118,5,30,90,9.683822173
27.05325444,5,30,90,9.769812552
27.69230769,5,30,90,9.769471996
28.33136095,5,30,90,9.797908419
28.9704142,5,30,90,9.768790884
29.50295858,5,30,90,9.826061045
30.24852071,5,30,90,9.883217686
30.88757396,5,30,90,9.911654109
31.63313609,5,30,90,9.940033772
32.16568047,5,30,90,9.939749975
33.01775148,5,30,90,10.02562684
33.76331361,5,30,90,10.0540065
34.50887574,5,30,90,10.05360918
35.04142012,5,30,90,10.05332539
35.89349112,5,30,90,9.966540377
36.4260355,5,30,90,10.02381054
37.27810651,5,30,90,10.02335646
38.13017751,5,30,90,9.965348431
38.87573964,5,30,90,9.964951116
39.62130178,5,30,90,9.935776822
40.47337278,5,30,90,9.877768791
41.32544379,5,30,90,9.848537738
42.17751479,5,30,90,9.819306685
43.13609467,5,30,90,9.818795851
43.66863905,5,30,90,9.847289033
44.52071006,5,30,90,9.789281001
45.15976331,5,30,90,9.788940445
45.90532544,5,30,90,9.759766152
46.86390533,5,30,90,9.759255318
47.71597633,5,30,90,9.730024265
48.88757396,5,30,90,9.700622934
49.84615385,5,30,90,9.671335121
51.23076923,5,30,90,9.67059725
51.86982249,5,30,90,9.699033672
52.82840237,5,30,90,9.698522839
53.36094675,5,30,90,9.72701602
53.89349112,5,30,90,9.784286181
0.106508876,5,25,90,10.58992806
0.532544379,5,25,90,10.58970102
1.278106509,5,25,90,10.56052673
1.810650888,5,25,90,10.53146595
2.449704142,5,25,90,10.55990237
3.088757396,5,25,90,10.53078484
3.727810651,5,25,90,10.53044428
4.473372781,5,25,90,10.50126999
4.899408284,5,25,90,10.55859691
5.325443787,5,25,90,10.52959289
6.071005917,5,25,90,10.44286464
6.390532544,5,25,90,10.38514041
6.816568047,5,25,90,10.29858244
7.136094675,5,25,90,10.18330424
7.455621302,5,25,90,10.09680303
7.668639053,5,25,90,9.981581599
7.98816568,5,25,90,9.779972472
8.201183432,5,25,90,9.693528018
8.627218935,5,25,90,9.52063911
8.946745562,5,25,90,9.405360918
9.266272189,5,25,90,9.261305748
9.585798817,5,25,90,9.174804535
10.01183432,5,25,90,9.030692606
10.33136095,5,25,90,8.857860457
10.86390533,5,25,90,8.742468747
11.18343195,5,25,90,8.627190555
11.82248521,5,25,90,8.454188129
12.46153846,5,25,90,8.309962681
12.88757396,5,25,90,8.3672896
13.63313609,5,25,90,8.510777177
14.27218935,5,25,90,8.625544535
14.80473373,5,25,90,8.711591673
15.33727811,5,25,90,8.82641579
15.86982249,5,25,90,8.883685951
16.40236686,5,25,90,8.969733089
17.25443787,5,25,90,9.113163907
18,5,25,90,9.199097527
18.74556213,5,25,90,9.256254168
19.49112426,5,25,90,9.198302896
20.23668639,5,25,90,9.082797667
20.87573964,5,25,90,9.053680133
21.5147929,5,25,90,9.053339577
22.26035503,5,25,90,8.937834348
22.89940828,5,25,90,8.908716814
23.32544379,5,25,90,8.850935819
23.85798817,5,25,90,8.821875044
24.39053254,5,25,90,8.792814269
25.24260355,5,25,90,8.734806238
25.8816568,5,25,90,8.705688703
26.30769231,5,25,90,8.705461666
27.05325444,5,25,90,8.618733416
27.47928994,5,25,90,8.618506378
28.22485207,5,25,90,8.560555106
28.75739645,5,25,90,8.56027131
29.3964497,5,25,90,8.559930754
30.14201183,5,25,90,8.53075646
30.78106509,5,25,90,8.501638926
31.20710059,5,25,90,8.443857931
31.95266272,5,25,90,8.443460616
32.59171598,5,25,90,8.414343082
33.33727811,5,25,90,8.442722745
34.08284024,5,25,90,8.384771473
34.61538462,5,25,90,8.442041633
35.25443787,5,25,90,8.499255034
35.78698225,5,25,90,8.614079151
36.53254438,5,25,90,8.700012771
36.95857988,5,25,90,8.75733969
37.70414201,5,25,90,8.785719354
38.66272189,5,25,90,8.95787039
39.62130178,5,25,90,9.07246747
40.36686391,5,25,90,9.187178068
41.11242604,5,25,90,9.301888667
41.75147929,5,25,90,9.387879046
42.28402367,5,25,90,9.531480141
43.0295858,5,25,90,9.617413761
43.56213018,5,25,90,9.7034609
44.73372781,5,25,90,9.846721439
45.37278107,5,25,90,9.760049948
47.07692308,5,25,90,9.759141799
48.99408284,5,25,90,9.700566174
50.37869822,5,25,90,9.671051325
51.44378698,5,25,90,9.612929775
52.50887574,5,25,90,9.64113916
53.25443787,5,25,90,9.525633931
54.10650888,5,25,90,9.467625899
0.639053254,5,17,90,10.58964426
1.171597633,5,17,90,10.47425255
1.810650888,5,17,90,10.3300271
2.343195266,5,17,90,10.24341237
3.088757396,5,17,90,10.15668412
3.301775148,5,17,90,10.07023967
4.047337278,5,17,90,9.925957459
4.366863905,5,17,90,9.810679267
5.325443787,5,17,90,9.637506563
5.75147929,5,17,90,9.522171612
6.603550296,5,17,90,9.521717537
7.24260355,5,17,90,9.55015396
8.094674556,5,17,90,9.607253842
9.159763314,5,17,90,9.664240205
9.585798817,5,17,90,9.664013168
10.22485207,5,17,90,9.750003547
11.18343195,5,17,90,9.778269692
11.60946746,5,17,90,9.835596611
12.35502959,5,17,90,9.806422318
12.99408284,5,17,90,9.83485874
13.73964497,5,17,90,9.892015382
14.59171598,5,17,90,9.862784329
15.44378698,5,17,90,9.919884211
16.29585799,5,17,90,9.804322223
16.50887574,5,17,90,9.890539639
17.78698225,5,17,90,9.889858527
18.4260355,5,17,90,9.831964015
18.95857988,5,17,90,9.80290324
20.23668639,5,17,90,9.744668171
21.0887574,5,17,90,9.542775247
21.83431953,5,17,90,9.513600954
22.47337278,5,17,90,9.484483419
23.21893491,5,17,90,9.36897819
23.96449704,5,17,90,9.311026918
24.92307692,5,17,90,9.252962127
25.4556213,5,17,90,9.223901352
26.20118343,5,17,90,9.223504037
27.15976331,5,17,90,9.165439246
27.79881657,5,17,90,9.16509869
28.86390533,5,17,90,9.10697714
29.3964497,5,17,90,9.1642473
30.24852071,5,17,90,9.135016247
31.10059172,5,17,90,9.105785194
32.27218935,5,17,90,9.076383863
33.01775148,5,17,90,9.018432591
33.97633136,5,17,90,8.989144779
35.14792899,5,17,90,9.017297405
35.89349112,5,17,90,9.045677068
37.38461538,5,17,90,9.016105459
36.85207101,5,17,90,9.073943212
38.34319527,5,17,90,9.015594625
39.40828402,5,17,90,9.015027032
40.79289941,5,17,90,8.985512182
41.85798817,5,17,90,9.013721567
42.92307692,5,17,90,8.926823039
43.56213018,5,17,90,8.955259461
44.52071006,5,17,90,8.954748627
45.47928994,5,17,90,8.925460815
46.43786982,5,17,90,8.924949981
47.82248521,5,17,90,8.837881174
47.28994083,5,17,90,8.866941949
48.67455621,5,17,90,8.722319186
49.84615385,5,17,90,8.635363898
50.69822485,5,17,90,8.663686802
51.55029586,5,17,90,8.576901792
52.61538462,5,17,90,8.54755722
52.93491124,5,17,90,8.489832986
53.89349112,5,17,90,8.460545173
0.119081627,10,30,90,10.66019417
0.656642668,10,30,90,10.57281553
0.979752553,10,30,90,10.45631068
1.410739447,10,30,90,10.2815534
1.734109904,10,30,90,10.13592233
2.164575653,10,30,90,10.01941748
2.702397267,10,30,90,9.902912621
3.132602444,10,30,90,9.815533981
3.455712328,10,30,90,9.699029126
3.779082785,10,30,90,9.553398058
4.317164971,10,30,90,9.40776699
4.532397846,10,30,90,9.349514563
4.962863595,10,30,90,9.233009709
5.393329344,10,30,90,9.116504854
5.930890386,10,30,90,9.029126214
6.682642012,10,30,90,9
7.219421336,10,30,90,9
7.863556525,10,30,90,9
8.400335849,10,30,90,9
9.044210465,10,30,90,9.029126214
9.581250362,10,30,90,9
10.44009728,10,30,90,9
10.86978131,10,30,90,8.970873786
11.94333996,10,30,90,8.970873786
12.47959814,10,30,90,9.029126214
13.23056805,10,30,90,9.087378641
13.87418209,10,30,90,9.145631068
14.62541257,10,30,90,9.174757282
15.26902662,10,30,90,9.233009709
15.91238009,10,30,90,9.32038835
16.66361057,10,30,90,9.349514563
16.98567816,10,30,90,9.349514563
17.62929221,10,30,90,9.40776699
18.16607153,10,30,90,9.40776699
18.38104383,10,30,90,9.378640777
18.91886545,10,30,90,9.262135922
19.34881005,10,30,90,9.203883495
19.88637109,10,30,90,9.116504854
20.31657627,10,30,90,9.029126214
20.74678145,10,30,90,8.941747573
21.28460306,10,30,90,8.825242718
21.82242468,10,30,90,8.708737864
22.25236928,10,30,90,8.650485437
22.78966975,10,30,90,8.59223301
23.86453126,10,30,90,8.446601942
24.61628289,10,30,90,8.417475728
25.36699222,10,30,90,8.504854369
25.90272926,10,30,90,8.621359223
26.54686444,10,30,90,8.621359223
27.61990195,10,30,90,8.67961165
28.47822772,10,30,90,8.737864078
29.12184176,10,30,90,8.796116505
29.98016754,10,30,90,8.854368932
31.05320504,10,30,90,8.912621359
31.91179139,10,30,90,8.941747573
32.66250072,10,30,90,9.029126214
33.62818236,10,30,90,9.087378641
34.2728387,10,30,90,9.029126214
34.81039974,10,30,90,8.941747573
35.34822135,10,30,90,8.825242718
35.77842653,10,30,90,8.737864078
36.10127584,10,30,90,8.650485437
36.53200216,10,30,90,8.504854369
37.17613735,10,30,90,8.504854369
37.82131483,10,30,90,8.388349515
38.57436932,10,30,90,8.213592233
39.2195468,10,30,90,8.097087379
39.64923083,10,30,90,8.067961165
40.40176417,10,30,90,7.951456311
40.93984636,10,30,90,7.805825243
41.58528441,10,30,90,7.660194175
42.23046189,10,30,90,7.54368932
42.76854408,10,30,90,7.398058252
43.52133799,10,30,90,7.252427184
44.05915961,10,30,90,7.13592233
44.70381594,10,30,90,7.077669903
45.13376054,10,30,90,7.019417476
45.45687043,10,30,90,6.902912621
45.88733618,10,30,90,6.786407767
46.42515779,10,30,90,6.669902913
46.85588411,10,30,90,6.524271845
47.3939663,10,30,90,6.378640777
47.71707618,10,30,90,6.262135922
48.25463723,10,30,90,6.174757282
48.90033585,10,30,90,6
49.33054103,10,30,90,5.912621359
49.76100677,10,30,90,5.796116505
50.1917331,10,30,90,5.650485437
50.72981528,10,30,90,5.504854369
51.16028103,10,30,90,5.388349515
51.59048621,10,30,90,5.300970874
52.02121253,10,30,90,5.155339806
52.23644541,10,30,90,5.097087379
52.77400645,10,30,90,5.009708738
53.20421162,10,30,90,4.922330097
53.74151209,10,30,90,4.86407767
-0.095630103,10,25,90,10.66019417
0.548505086,10,25,90,10.66019417
1.19316142,10,25,90,10.60194175
1.730461889,10,25,90,10.54368932
2.37485765,10,25,90,10.51456311
2.912158119,10,25,90,10.45631068
3.449198016,10,25,90,10.42718447
4.200689069,10,25,90,10.42718447
5.27450829,10,25,90,10.39805825
5.919164624,10,25,90,10.33980583
6.456465093,10,25,90,10.2815534
6.67195854,10,25,90,10.19417476
7.101903144,10,25,90,10.13592233
7.639724758,10,25,90,10.01941748
7.963095215,10,25,90,9.873786408
8.608272694,10,25,90,9.757281553
9.145833735,10,25,90,9.669902913
9.684437067,10,25,90,9.466019417
10.54432628,10,25,90,9.349514563
11.29659905,10,25,90,9.262135922
12.1570094,10,25,90,9.087378641
12.90876103,10,25,90,9.058252427
13.87470324,10,25,90,9.087378641
14.51857785,10,25,90,9.116504854
15.16271304,10,25,90,9.116504854
15.69949237,10,25,90,9.116504854
16.23627169,10,25,90,9.116504854
16.77331159,10,25,90,9.087378641
17.31009091,10,25,90,9.087378641
17.9542261,10,25,90,9.087378641
18.81255187,10,25,90,9.145631068
19.45564477,10,25,90,9.262135922
19.88454709,10,25,90,9.32038835
20.42002355,10,25,90,9.466019417
20.95602115,10,25,90,9.553398058
21.5996352,10,25,90,9.611650485
22.35008396,10,25,90,9.72815534
22.99317686,10,25,90,9.844660194
23.85176321,10,25,90,9.873786408
24.38854253,10,25,90,9.873786408
24.81900828,10,25,90,9.757281553
25.24947403,10,25,90,9.640776699
25.46496748,10,25,90,9.553398058
26.00357081,10,25,90,9.349514563
26.32694127,10,25,90,9.203883495
27.07921404,10,25,90,9.116504854
27.51020093,10,25,90,8.941747573
28.04802254,10,25,90,8.825242718
28.47848829,10,25,90,8.708737864
28.90921462,10,25,90,8.563106796
29.33968036,10,25,90,8.446601942
29.87776255,10,25,90,8.300970874
30.20087244,10,25,90,8.184466019
30.73895462,10,25,90,8.038834951
31.3841321,10,25,90,7.922330097
31.92195371,10,25,90,7.805825243
32.35241946,10,25,90,7.689320388
32.89050165,10,25,90,7.54368932
33.3209674,10,25,90,7.427184466
33.96640545,10,25,90,7.281553398
34.61132236,10,25,90,7.194174757
35.57726457,10,25,90,7.223300971
35.25519697,10,25,90,7.223300971
36.11404389,10,25,90,7.223300971
36.75817908,10,25,90,7.223300971
37.2949584,10,25,90,7.223300971
37.93883302,10,25,90,7.252427184
38.69058465,10,25,90,7.223300971
39.44181513,10,25,90,7.252427184
40.08595032,10,25,90,7.252427184
40.73008551,10,25,90,7.252427184
41.26686483,10,25,90,7.252427184
42.01861646,10,25,90,7.223300971
42.98481924,10,25,90,7.223300971
43.30688683,10,25,90,7.223300971
44.27308962,10,25,90,7.223300971
44.91696423,10,25,90,7.252427184
45.66871586,10,25,90,7.223300971
46.52730221,10,25,90,7.252427184
47.17117682,10,25,90,7.281553398
47.81531201,10,25,90,7.281553398
48.78125422,10,25,90,7.310679612
49.42538941,10,25,90,7.310679612
50.17688046,10,25,90,7.310679612
50.82101565,10,25,90,7.310679612
51.4646297,10,25,90,7.368932039
52.10876489,10,25,90,7.368932039
52.86077709,10,25,90,7.310679612
53.82645872,10,25,90,7.368932039
0.120123917,10,17,90,10.54368932
0.765040823,10,17,90,10.45631068
1.517834739,10,17,90,10.31067961
1.840684051,10,17,90,10.22330097
2.48586153,10,17,90,10.10679612
2.808450269,10,17,90,10.04854369
3.56072304,10,17,90,9.961165049
4.098805227,10,17,90,9.815533981
4.743982706,10,17,90,9.699029126
5.28180432,10,17,90,9.582524272
5.926721226,10,17,90,9.495145631
6.67821228,10,17,90,9.495145631
7.429703333,10,17,90,9.495145631
8.180673242,10,17,90,9.553398058
8.717191994,10,17,90,9.582524272
9.253971318,10,17,90,9.582524272
9.897324789,10,17,90,9.669902913
10.43436469,10,17,90,9.640776699
11.29295103,10,17,90,9.669902913
12.04418151,10,17,90,9.699029126
12.90276786,10,17,90,9.72815534
13.54664248,10,17,90,9.757281553
14.40548939,10,17,90,9.757281553
15.26433631,10,17,90,9.757281553
15.9084715,10,17,90,9.757281553
16.76757899,10,17,90,9.72815534
17.19674188,10,17,90,9.757281553
17.84113764,10,17,90,9.72815534
18.48527283,10,17,90,9.72815534
19.23702446,10,17,90,9.699029126
19.66670849,10,17,90,9.669902913
20.52607655,10,17,90,9.611650485
21.38492347,10,17,90,9.611650485
22.35216854,10,17,90,9.495145631
22.88920844,10,17,90,9.466019417
23.53386477,10,17,90,9.40776699
24.17878168,10,17,90,9.32038835
24.71660329,10,17,90,9.203883495
25.25468548,10,17,90,9.058252427
25.68515123,10,17,90,8.941747573
26.00800054,10,17,90,8.854368932
26.54582215,10,17,90,8.737864078
27.08442549,10,17,90,8.533980583
27.51515181,10,17,90,8.388349515
27.94561756,10,17,90,8.27184466
28.37660445,10,17,90,8.097087379
28.91416549,10,17,90,8.009708738
29.45224768,10,17,90,7.86407767
29.77535756,10,17,90,7.747572816
30.20582331,10,17,90,7.631067961
30.63654963,10,17,90,7.485436893
31.17489239,10,17,90,7.310679612
31.49774171,10,17,90,7.223300971
32.03582389,10,17,90,7.077669903
32.35815206,10,17,90,7.048543689
32.78939953,10,17,90,6.844660194
32.89727653,10,17,90,6.786407767
33.65007045,10,17,90,6.640776699
34.18789207,10,17,90,6.524271845
34.83202725,10,17,90,6.524271845
35.58351831,10,17,90,6.524271845
36.22791407,10,17,90,6.495145631
36.87204926,10,17,90,6.495145631
37.62354031,10,17,90,6.495145631
38.2676755,10,17,90,6.495145631
39.12704356,10,17,90,6.436893204
39.5567276,10,17,90,6.40776699
40.20060221,10,17,90,6.436893204
41.0597097,10,17,90,6.40776699
41.59622845,10,17,90,6.436893204
42.34798008,10,17,90,6.40776699
42.99211527,10,17,90,6.40776699
43.85122276,10,17,90,6.378640777
44.60323496,10,17,90,6.32038835
45.14053543,10,17,90,6.262135922
45.67809647,10,17,90,6.174757282
46.21643923,10,17,90,6
46.86161671,10,17,90,5.883495146
47.50679419,10,17,90,5.766990291
48.04487637,10,17,90,5.621359223
48.47508155,10,17,90,5.533980583
49.01290316,10,17,90,5.417475728
49.65808064,10,17,90,5.300970874
49.98119053,10,17,90,5.184466019
50.62636801,10,17,90,5.067961165
51.16445019,10,17,90,4.922330097
51.59517651,10,17,90,4.776699029
51.9182864,10,17,90,4.660194175
52.67108031,10,17,90,4.514563107
53.42283194,10,17,90,4.485436893
0.416643207,15,30,90,10.72771084
0.736404628,15,30,90,10.61204819
0.948462364,15,30,90,10.40963855
1.267708458,15,30,90,10.23614458
1.801073601,15,30,90,10.09156627
1.907231301,15,30,90,10.00481928
2.440596445,15,30,90,9.860240964
2.867030896,15,30,90,9.715662651
2.972930932,15,30,90,9.6
3.50655374,15,30,90,9.484337349
3.719642133,15,30,90,9.397590361
4.146334248,15,30,90,9.281927711
4.465580341,15,30,90,9.108433735
4.67841107,15,30,90,8.992771084
4.997914828,15,30,90,8.848192771
5.424864607,15,30,90,8.761445783
5.957972086,15,30,90,8.587951807
6.38517953,15,30,90,8.530120482
7.347040439,15,30,90,8.472289157
7.989139926,15,30,90,8.530120482
9.2733389,15,30,90,8.645783133
9.166150543,15,30,90,8.61686747
10.02211142,15,30,90,8.674698795
10.98474532,15,30,90,8.703614458
11.94815221,15,30,90,8.819277108
12.26920196,15,30,90,8.848192771
12.80437075,15,30,90,8.906024096
13.33979721,15,30,90,8.992771084
13.87522367,15,30,90,9.079518072
14.51758082,15,30,90,9.16626506
14.94607658,15,30,90,9.253012048
15.48124538,15,30,90,9.310843373
16.01667184,15,30,90,9.397590361
16.65902899,15,30,90,9.484337349
17.19497077,15,30,90,9.628915663
17.94374329,15,30,90,9.657831325
18.69148515,15,30,90,9.571084337
19.01124657,15,30,90,9.455421687
19.33075033,15,30,90,9.310843373
19.75718478,15,30,90,9.16626506
19.96975784,15,30,90,9.021686747
20.28977693,15,30,90,8.934939759
20.60928069,15,30,90,8.790361446
21.1429035,15,30,90,8.674698795
21.24854587,15,30,90,8.530120482
21.4606036,15,30,90,8.327710843
21.99371108,15,30,90,8.154216867
22.31321484,15,30,90,8.009638554
22.73990695,15,30,90,7.893975904
22.95196469,15,30,90,7.691566265
23.59226053,15,30,90,7.546987952
23.80586425,15,30,90,7.518072289
24.12562567,15,30,90,7.402409639
24.76617917,15,30,90,7.286746988
25.30160563,15,30,90,7.373493976
25.94396278,15,30,90,7.460240964
26.79966599,15,30,90,7.489156627
27.65562686,15,30,90,7.546987952
28.61877609,15,30,90,7.63373494
29.47473697,15,30,90,7.691566265
30.54455923,15,30,90,7.74939759
31.29384707,15,30,90,7.836144578
31.93543123,15,30,90,7.836144578
32.68446141,15,30,90,7.893975904
33.43323393,15,30,90,7.922891566
33.96788739,15,30,90,7.922891566
34.60921389,15,30,90,7.893975904
34.82230228,15,30,90,7.807228916
35.35566742,15,30,90,7.662650602
35.88903257,15,30,90,7.518072289
36.42265537,15,30,90,7.402409639
36.95653585,15,30,90,7.315662651
37.49015865,15,30,90,7.2
37.91685077,15,30,90,7.084337349
38.45021591,15,30,90,6.939759036
38.87613504,15,30,90,6.737349398
39.30308481,15,30,90,6.65060241
40.05056901,15,30,90,6.534939759
40.58444948,15,30,90,6.448192771
41.11755696,15,30,90,6.274698795
41.5447644,15,30,90,6.21686747
42.07890254,15,30,90,6.159036145
42.50533699,15,30,90,6.014457831
42.71868305,15,30,90,5.956626506
43.25204819,15,30,90,5.812048193
43.67822498,15,30,90,5.638554217
44.31903614,15,30,90,5.551807229
44.74572826,15,30,90,5.436144578
45.6011738,15,30,90,5.436144578
46.35020398,15,30,90,5.493975904
47.42028391,15,30,90,5.580722892
48.06212573,15,30,90,5.609638554
48.59729452,15,30,90,5.66746988
49.3463247,15,30,90,5.725301205
49.98842419,15,30,90,5.78313253
51.05850412,15,30,90,5.869879518
52.12858404,15,30,90,5.956626506
52.77042586,15,30,90,5.985542169
53.30559466,15,30,90,6.043373494
53.84076345,15,30,90,6.101204819
0.309197185,15,25,90,10.66987952
0.628958607,15,25,90,10.55421687
1.483631158,15,25,90,10.46746988
2.231630681,15,25,90,10.40963855
2.658322796,15,25,90,10.2939759
3.620183705,15,25,90,10.23614458
4.58178695,15,25,90,10.14939759
5.008479065,15,25,90,10.03373494
5.756220923,15,25,90,9.946987952
6.396774424,15,25,90,9.831325301
7.03758559,15,25,90,9.744578313
7.67865442,15,25,90,9.686746988
8.212019563,15,25,90,9.542168675
8.639227007,15,25,90,9.484337349
9.172849815,15,25,90,9.368674699
9.600057259,15,25,90,9.310843373
10.34754145,15,25,90,9.195180723
10.88193725,15,25,90,9.16626506
11.95021353,15,25,90,9.05060241
12.484094,15,25,90,8.963855422
12.80514374,15,25,90,8.992771084
13.66058929,15,25,90,8.992771084
14.51706549,15,25,90,9.108433735
15.05171896,15,25,90,9.108433735
15.9071645,15,25,90,9.108433735
16.44207563,15,25,90,9.137349398
17.19084815,15,25,90,9.16626506
18.15322438,15,25,90,9.16626506
18.68839318,15,25,90,9.224096386
19.65180007,15,25,90,9.339759036
20.29415722,15,25,90,9.426506024
21.47116784,15,25,90,9.513253012
22.22019802,15,25,90,9.571084337
20.82932602,15,25,90,9.484337349
22.75510915,15,25,90,9.6
23.61107002,15,25,90,9.657831325
24.46651557,15,25,90,9.657831325
24.78679232,15,25,90,9.6
25.53479184,15,25,90,9.542168675
26.06867231,15,25,90,9.455421687
26.60281045,15,25,90,9.397590361
27.45722534,15,25,90,9.281927711
28.0980365,15,25,90,9.195180723
28.84577836,15,25,90,9.108433735
29.27324347,15,25,90,9.079518072
29.91405463,15,25,90,8.992771084
30.66128116,15,25,90,8.848192771
31.1954193,15,25,90,8.790361446
32.05034952,15,25,90,8.73253012
32.58474532,15,25,90,8.703614458
33.11836813,15,25,90,8.587951807
33.75917929,15,25,90,8.501204819
34.50692115,15,25,90,8.414457831
35.25466301,15,25,90,8.327710843
35.89521651,15,25,90,8.212048193
36.32242395,15,25,90,8.154216867
36.96297745,15,25,90,8.038554217
37.3901849,15,25,90,7.980722892
38.24459979,15,25,90,7.865060241
38.88489562,15,25,90,7.720481928
39.41929142,15,25,90,7.691566265
40.06010259,15,25,90,7.604819277
40.80784445,15,25,90,7.518072289
41.44865561,15,25,90,7.431325301
42.08946678,15,25,90,7.344578313
42.51641656,15,25,90,7.257831325
43.37057378,15,25,90,7.113253012
44.22576166,15,25,90,7.084337349
44.97298819,15,25,90,6.939759036
45.29249195,15,25,90,6.795180723
45.71866873,15,25,90,6.621686747
46.35896457,15,25,90,6.477108434
46.89207205,15,25,90,6.303614458
47.42543719,15,25,90,6.159036145
47.74442562,15,25,90,5.956626506
48.2783061,15,25,90,5.869879518
48.59780985,15,25,90,5.725301205
49.23810569,15,25,90,5.580722892
49.77121317,15,25,90,5.407228916
50.30303233,15,25,90,5.089156627
50.19764762,15,25,90,5.262650602
50.8369128,15,25,90,5.002409639
51.37002028,15,25,90,4.828915663
51.79645473,15,25,90,4.684337349
52.22288918,15,25,90,4.539759036
52.75651199,15,25,90,4.424096386
53.18346177,15,25,90,4.337349398
53.61015388,15,25,90,4.221686747
53.93043063,15,25,90,4.163855422
0.202008827,15,17,90,10.64096386
0.949750686,15,17,90,10.55421687
1.911869259,15,17,90,10.5253012
2.660126446,15,17,90,10.49638554
3.194522247,15,17,90,10.46746988
3.835591077,15,17,90,10.40963855
4.904382679,15,17,90,10.35180723
5.653155195,15,17,90,10.38072289
6.293708696,15,17,90,10.26506024
6.828104497,15,17,90,10.23614458
7.361727305,15,17,90,10.12048193
8.002538471,15,17,90,10.03373494
8.6436073,15,17,90,9.975903614
9.391606823,15,17,90,9.918072289
10.3529524,15,17,90,9.802409639
11.20788262,15,17,90,9.744578313
11.6348324,15,17,90,9.657831325
12.27615889,15,17,90,9.628915663
12.703624,15,17,90,9.600000000
13.13083144,15,17,90,9.542168675
13.87960396,15,17,90,9.571084337
14.7350495,15,17,90,9.571084337
15.37689133,15,17,90,9.600000000
16.23259454,15,17,90,9.628915663
18.15734701,15,17,90,9.628915663
19.01330789,15,17,90,9.686746988
20.08287248,15,17,90,9.715662651
20.61778361,15,17,90,9.744578313
21.47322915,15,17,90,9.744578313
22.22277466,15,17,90,9.860240964
23.07796254,15,17,90,9.831325301
23.72057736,15,17,90,9.946987952
24.25445783,15,17,90,9.860240964
24.57396159,15,17,90,9.715662651
25.10706907,15,17,90,9.542168675
25.64043421,15,17,90,9.397590361
25.96019563,15,17,90,9.281927711
26.38611476,15,17,90,9.079518072
26.81280687,15,17,90,8.963855422
27.23924132,15,17,90,8.819277108
27.66593344,15,17,90,8.703614458
28.09262555,15,17,90,8.587951807
28.6259907,15,17,90,8.443373494
28.83882142,15,17,90,8.327710843
29.37218657,15,17,90,8.18313253
30.11889777,15,17,90,7.980722892
29.90580938,15,17,90,8.06746988
30.54481689,15,17,90,7.778313253
30.97125134,15,17,90,7.63373494
31.71822021,15,17,90,7.460240964
32.14465466,15,17,90,7.315662651
32.46415842,15,17,90,7.171084337
32.78340451,15,17,90,6.997590361
33.53114637,15,17,90,6.910843373
33.95758082,15,17,90,6.76626506
34.59864965,15,17,90,6.708433735
35.45409519,15,17,90,6.708433735
35.98952165,15,17,90,6.795180723
36.73752117,15,17,90,6.737349398
37.48577836,15,17,90,6.708433735
38.23455088,15,17,90,6.737349398
38.87613504,15,17,90,6.737349398
39.94492664,15,17,90,6.679518072
40.9078182,15,17,90,6.737349398
41.76352141,15,17,90,6.76626506
42.72615531,15,17,90,6.795180723
43.4744125,15,17,90,6.76626506
44.22215436,15,17,90,6.679518072
45.1845306,15,17,90,6.679518072
46.2533222,15,17,90,6.621686747
47.21544077,15,17,90,6.592771084
47.64239055,15,17,90,6.506024096
48.28320172,15,17,90,6.419277108
49.03042825,15,17,90,6.274698795
49.77842777,15,17,90,6.21686747
50.52591196,15,17,90,6.101204819
51.06030777,15,17,90,6.072289157
51.70111893,15,17,90,5.985542169
52.34167243,15,17,90,5.869879518
52.98222593,15,17,90,5.754216867
53.40969104,15,17,90,5.725301205
53.73048312,15,17,90,5.725301205
0.39794366,25,30,90,10.59692479
0.816990393,25,30,90,10.48258857
1.130270534,25,30,90,10.33955663
1.759343088,25,30,90,10.19669218
2.387913187,25,30,90,10.02518784
2.702198237,25,30,90,9.93943567
3.331773244,25,30,90,9.825211101
3.539286794,25,30,90,9.653483449
4.168359348,25,30,90,9.510618996
4.587406081,25,30,90,9.39628277
4.795422085,25,30,90,9.253195003
5.214971272,25,30,90,9.167498662
5.634018005,25,30,90,9.053162437
6.368354695,25,30,90,8.910353811
6.894675382,25,30,90,8.910632953
7.525255298,25,30,90,8.853688153
7.946814301,25,30,90,8.88255135
8.578901579,25,30,90,8.911526204
9.104719812,25,30,90,8.883165461
9.736304636,25,30,90,8.88350043
10.57741283,25,30,90,8.826667287
11.63055665,25,30,90,8.855865454
11.73531834,25,30,90,8.827281398
12.4721673,25,30,90,8.827672195
13.31629021,25,30,90,8.94267836
13.9493824,25,30,90,9.028932983
14.79250041,25,30,90,9.086659378
15.21456186,25,30,90,9.14416246
16.05868478,25,30,90,9.259168625
16.69077206,25,30,90,9.288143479
17.53439252,25,30,90,9.374509758
18.37650562,25,30,90,9.374956384
18.90081649,25,30,90,9.260675987
19.5303915,25,30,90,9.146451418
20.05470237,25,30,90,9.03217102
20.78954151,25,30,90,8.91800228
21.31385238,25,30,90,8.803721882
22.04919398,25,30,90,8.718193026
22.78302822,25,30,90,8.546744516
23.41360813,25,30,90,8.489799716
23.93842146,25,30,90,8.404159204
24.56849892,25,30,90,8.318574519
25.40910465,25,30,90,8.233101491
26.24971039,25,30,90,8.147628463
26.8792854,25,30,90,8.033403894
27.614627,25,30,90,7.947875038
28.45523273,25,30,90,7.86240201
29.29583847,25,30,90,7.776928982
29.92591593,25,30,90,7.691344297
30.45072926,25,30,90,7.605703785
31.1855684,25,30,90,7.491535044
32.02667659,25,30,90,7.4347019
32.44522087,25,30,90,7.29172579
33.18156738,25,30,90,7.263476703
34.02167066,25,30,90,7.149363791
34.75751471,25,30,90,7.092474819
35.49335877,25,30,90,7.035585848
36.22870037,25,30,90,6.950056991
37.06880365,25,30,90,6.835944079
38.01517598,25,30,90,6.779166764
39.06630999,25,30,90,6.693805392
39.90641327,25,30,90,6.579692479
40.85178069,25,30,90,6.465635395
41.9029147,25,30,90,6.380274024
42.6382563,25,30,90,6.294745167
43.58362372,25,30,90,6.180688083
44.31946777,25,30,90,6.123799111
44.95004769,25,30,90,6.066854312
45.57962269,25,30,90,5.952629742
46.31446184,25,30,90,5.838461002
46.73300612,25,30,90,5.695484891
47.25882435,25,30,90,5.667124148
47.99265859,25,30,90,5.495675638
48.41120287,25,30,90,5.352699528
49.04077787,25,30,90,5.238474959
49.35456047,25,30,90,5.124082905
49.87836889,25,30,90,4.981162623
50.29741562,25,30,90,4.866826397
51.03175231,25,30,90,4.724017772
51.66082486,25,30,90,4.581153318
52.39566401,25,30,90,4.466984577
52.91947242,25,30,90,4.324064296
53.54954988,25,30,90,4.238479611
0.39794366,25,25,90,10.59692479
0.710721347,25,25,90,10.42525297
1.023499035,25,25,90,10.25358115
1.231515039,25,25,90,10.11049338
1.861090046,25,25,90,9.996268813
2.280136779,25,25,90,9.881932587
2.698681058,25,25,90,9.738956477
2.801432925,25,25,90,9.595812882
3.219474749,25,25,90,9.424196888
3.532754891,25,25,90,9.281164949
3.951801624,25,25,90,9.166828724
4.370345902,25,25,90,9.023852613
4.682621136,25,25,90,8.823540906
5.521217056,25,25,90,8.623508339
5.312698597,25,25,90,8.737956221
6.045527926,25,25,90,8.509227942
6.36031543,25,25,90,8.452115657
6.8846263,25,25,90,8.33783526
7.410946986,25,25,90,8.338114401
7.829491265,25,25,90,8.195138291
8.460573635,25,25,90,8.166833376
9.090148643,25,25,90,8.052608807
9.510200284,25,25,90,7.995552351
10.03451115,25,25,90,7.881271953
10.56083184,25,25,90,7.881551094
11.29667589,25,25,90,7.824662123
11.92524599,25,25,90,7.653157785
12.45206913,25,25,90,7.68207681
13.40095373,25,25,90,7.768498918
13.92777687,25,25,90,7.797417944
14.66563074,25,25,90,7.855088511
15.19396125,25,25,90,7.969927191
15.93231757,25,25,90,8.056237642
16.77593803,25,25,90,8.142603922
17.93685827,25,25,90,8.31505734
17.51429435,25,25,90,8.228914373
18.46418386,25,25,90,8.372616251
19.30931168,25,25,90,8.544902184
19.83764219,25,25,90,8.659740864
20.36647514,25,25,90,8.803219428
20.57851078,25,25,90,8.889250739
21.31887692,25,25,90,9.090120729
21.84821233,25,25,90,9.262239177
22.48281188,25,25,90,9.434413455
22.90688316,25,25,90,9.606476075
23.75251343,25,25,90,9.807401894
24.48986485,25,25,90,9.836432576
24.69888576,25,25,90,9.750624578
25.32896322,25,25,90,9.665039894
25.53748168,25,25,90,9.550592012
25.74499523,25,25,90,9.378864361
26.16504687,25,25,90,9.321807904
26.47782456,25,25,90,9.150136081
27.00314034,25,25,90,9.093135453
27.52845612,25,25,90,9.036134825
27.84274117,25,25,90,8.950382656
28.26128545,25,25,90,8.807406546
28.78509386,25,25,90,8.664486264
29.09937891,25,25,90,8.578734095
29.41316151,25,25,90,8.464342041
29.83170579,25,25,90,8.321365931
30.04173161,25,25,90,8.292837703
30.46027588,25,25,90,8.149861593
30.87932262,25,25,90,8.035525367
31.19310521,25,25,90,7.921133313
31.71691363,25,25,90,7.778213031
32.13545791,25,25,90,7.635236921
32.55450464,25,25,90,7.520900696
33.28733397,25,25,90,7.292172416
33.91590407,25,25,90,7.120668078
34.3349508,25,25,90,7.006331852
34.96553072,25,25,90,6.949387053
35.80613645,25,25,90,6.863914025
36.85827537,25,25,90,6.835832422
38.2252018,25,25,90,6.750638535
39.38260485,25,25,90,6.722612761
40.32797227,25,25,90,6.608555677
41.16908046,25,25,90,6.551722534
42.01069111,25,25,90,6.523529275
43.27235339,25,25,90,6.43827956
42.74703761,25,25,90,6.495280188
43.90343576,25,25,90,6.409974645
44.74504641,25,25,90,6.381781386
45.37462141,25,25,90,6.267556817
46.00319151,25,25,90,6.096052479
46.31546675,25,25,90,5.895740771
46.83676289,25,25,90,5.609621066
47.46432808,25,25,90,5.380836958
47.98662914,25,25,90,5.151997022
48.4031636,25,25,90,4.894461374
48.82120542,25,25,90,4.722845379
49.23924725,25,25,90,4.551229384
49.55102003,25,25,90,4.322277792
50.07482844,25,25,90,4.17935751
50.38760613,25,25,90,4.007685687
50.90940473,25,25,90,3.750205867
50.70088627,25,25,90,3.864653749
51.32744656,25,25,90,3.578589872
51.63921934,25,25,90,3.34963828
52.16101793,25,25,90,3.092158459
52.05726116,25,25,90,3.178022285
52.57855731,25,25,90,2.89190258
52.89133499,25,25,90,2.720230757
53.20411268,25,25,90,2.548558934
53.83318523,25,25,90,2.40569448
0.923259439,25,17,90,10.53992417
2.286166229,25,17,90,10.2256112
2.809974645,25,17,90,10.08269092
3.23052874,25,17,90,10.05427435
3.753834702,25,17,90,9.882714183
4.172881435,25,17,90,9.768377957
4.802456442,25,17,90,9.654153388
5.222005629,25,17,90,9.568457047
6.167875503,25,17,90,9.483039847
6.799962781,25,17,90,9.512014701
7.641573426,25,17,90,9.483821443
8.165884296,25,17,90,9.369541045
8.692204983,25,17,90,9.369820187
9.42855149,25,17,90,9.3415711
10.05963386,25,17,90,9.313266184
10.90074205,25,17,90,9.256433041
11.53182442,25,17,90,9.228128126
12.58446579,25,17,90,9.228686408
13.0060248,25,17,90,9.257549606
13.95440694,25,17,90,9.315331829
14.37496104,25,17,90,9.286915257
15.42910977,25,17,90,9.373393194
16.58701528,25,17,90,9.374007304
17.32185443,25,17,90,9.259838563
18.16296262,25,17,90,9.20300542
19.0030659,25,17,90,9.088892507
19.74041732,25,17,90,9.11792319
21.0020796,25,17,90,9.032673475
21.84117798,25,17,90,8.861280793
22.57802694,25,17,90,8.86167159
23.3148759,25,17,90,8.862062388
23.943446,25,17,90,8.69055805
24.67979251,25,17,90,8.662308963
25.20460583,25,17,90,8.57666845
25.62164275,25,17,90,8.347772686
26.24920794,25,17,90,8.118988578
26.77150899,25,17,90,7.890148643
27.401084,25,17,90,7.775924074
28.03065901,25,17,90,7.661699505
28.23817256,25,17,90,7.489971853
28.97100188,25,17,90,7.261243574
29.4948103,25,17,90,7.118323292
30.01912117,25,17,90,7.004042895
30.54343204,25,17,90,6.889762497
30.7519505,25,17,90,6.775314615
31.38152551,25,17,90,6.661090046
32.11435483,25,17,90,6.432361767
32.32287329,25,17,90,6.317913885
33.16096676,25,17,90,6.089241434
33.68527763,25,17,90,5.974961037
34.10482682,25,17,90,5.889264696
34.73641164,25,17,90,5.889599665
35.57852474,25,17,90,5.890046291
36.10434297,25,17,90,5.861685547
37.05272512,25,17,90,5.919467771
37.57954826,25,17,90,5.948386797
38.21113308,25,17,90,5.948721766
38.73845868,25,17,90,6.006280676
39.47581009,25,17,90,6.035311359
40.00263323,25,17,90,6.064230385
40.52895392,25,17,90,6.064509526
41.26630533,25,17,90,6.093540208
42.21468748,25,17,90,6.151322431
42.74151062,25,17,90,6.180241457
42.74301798,25,17,90,6.266161111
43.69089767,25,17,90,6.29530345
44.63877736,25,17,90,6.324445788
45.58766196,25,17,90,6.410867896
45.89943474,25,17,90,6.181916304
46.94705157,25,17,90,5.89607574
47.3650934,25,17,90,5.724459746
48.41170532,25,17,90,5.381339412
49.24929633,25,17,90,5.124027077
50.19265393,25,17,90,4.895410454
50.50442671,25,17,90,4.666458862
51.02873758,25,17,90,4.552178464
51.76307427,25,17,90,4.409369839
52.4959036,25,17,90,4.180641559
53.22772802,25,17,90,3.894633511
53.64576985,25,17,90,3.723017516
53.96055735,25,17,90,3.665905232
0.060531531,50,30,90,10.67630908
0.375959551,50,30,90,10.56086498
0.690365942,50,30,90,10.41664499
1.111277178,50,30,90,10.27231148
1.320200353,50,30,90,10.1569809
1.634606744,50,30,90,10.01276091
1.630520227,50,30,90,9.897657347
2.051431463,50,30,90,9.753323842
2.365837854,50,30,90,9.609103851
2.574761029,50,30,90,9.493773265
2.88814579,50,30,90,9.320777384
3.096047335,50,30,90,9.176670908
3.30497051,50,30,90,9.061340321
3.515936943,50,30,90,9.003561513
3.828300075,50,30,90,8.801789743
4.03722325,50,30,90,8.686459156
4.458134486,50,30,90,8.542125651
4.875980835,50,30,90,8.311464477
5.505815246,50,30,90,8.051800385
5.923661595,50,30,90,7.821139211
6.026079924,50,30,90,7.705922139
6.554517635,50,30,90,7.590251009
7.084998605,50,30,90,7.532131658
7.615479575,50,30,90,7.474012307
8.25246539,50,30,90,7.415779442
8.570958298,50,30,90,7.386663009
9.209987372,50,30,90,7.385981923
9.741489971,50,30,90,7.356638462
10.483959,50,30,90,7.269516192
11.22949292,50,30,90,7.268721592
11.76099552,50,30,90,7.239378131
12.39900297,50,30,90,7.209921155
13.03598878,50,30,90,7.15168829
13.67399623,50,30,90,7.122231314
14.41748689,50,30,90,7.063884934
15.16302081,50,30,90,7.063090334
15.90651147,50,30,90,7.004743954
16.75650697,50,30,90,6.94628406
17.50204089,50,30,90,6.94548946
18.03252186,50,30,90,6.887370109
18.77601252,50,30,90,6.829023729
19.51950319,50,30,90,6.77067735
20.0479409,50,30,90,6.65500622
20.68390508,50,30,90,6.567997465
21.10788121,50,30,90,6.509991628
21.95685508,50,30,90,6.422755845
22.80787222,50,30,90,6.39307184
23.33733156,50,30,90,6.3061766
24.18426218,50,30,90,6.161389037
24.61028156,50,30,90,6.16093498
25.35683711,50,30,90,6.188916269
26.21091914,50,30,90,6.245559933
27.0629579,50,30,90,6.244651818
27.80747019,50,30,90,6.215081328
28.76703543,50,30,90,6.242835589
29.4060645,50,30,90,6.242154502
29.83310552,50,30,90,6.270476335
30.57863944,50,30,90,6.269681734
31.4306782,50,30,90,6.268773619
31.96320243,50,30,90,6.268206047
32.81626282,50,30,90,6.296073822
33.24126058,50,30,90,6.266843875
34.30630903,50,30,90,6.265708732
35.1583478,50,30,90,6.264800617
36.11791304,50,30,90,6.292554877
37.07645665,50,30,90,6.291533248
37.8230122,50,30,90,6.319514537
38.67402933,50,30,90,6.289830533
39.31203678,50,30,90,6.260373557
40.05859233,50,30,90,6.288354846
40.91165272,50,30,90,6.316222621
41.44315532,50,30,90,6.286879159
42.18766761,50,30,90,6.257308669
43.2537377,50,30,90,6.284949415
43.67975708,50,30,90,6.284495358
44.42426937,50,30,90,6.254924868
44.74378391,50,30,90,6.254584325
45.38076972,50,30,90,6.196351459
45.80474585,50,30,90,6.138345623
45.9081858,50,30,90,6.05190444
46.43355863,50,30,90,5.849905641
46.96301797,50,30,90,5.763010401
47.0654363,50,30,90,5.647793328
47.80484044,50,30,90,5.47434339
48.11924683,50,30,90,5.3301234
48.64666291,50,30,90,5.18567638
49.17305737,50,30,90,5.012453471
49.59192535,50,30,90,4.810568187
50.01487984,50,30,90,4.723786461
50.54127429,50,30,90,4.550563551
51.17417359,50,30,90,4.377227128
51.48755835,50,30,90,4.204231248
51.90846959,50,30,90,4.059897742
52.64787373,50,30,90,3.886447805
53.17528982,50,30,90,3.742000785
53.48867458,50,30,90,3.569004905
0.164993118,50,25,90,10.61864379
0.694452459,50,25,90,10.53174855
1.22289017,50,25,90,10.41607742
1.749284623,50,25,90,10.24285451
1.957186168,50,25,90,10.09874803
2.27057093,50,25,90,9.925752151
2.478472475,50,25,90,9.781645674
2.899383712,50,25,90,9.637312169
3.320294948,50,25,90,9.492978664
3.634701339,50,25,90,9.348758673
3.950129359,50,25,90,9.233314572
4.158030904,50,25,90,9.089208095
4.473458924,50,25,90,8.973763994
4.787865315,50,25,90,8.829544003
4.889262015,50,25,90,8.685551041
5.417699726,50,25,90,8.569879911
5.838610963,50,25,90,8.425546406
6.260543828,50,25,90,8.30998879
6.894464756,50,25,90,8.165428257
7.527364055,50,25,90,7.992091833
7.632847271,50,25,90,7.963202429
8.375316303,50,25,90,7.87608016
9.117785335,50,25,90,7.788957891
9.538696571,50,25,90,7.644624386
10.06713428,50,25,90,7.528953256
10.80960331,50,25,90,7.441830987
11.4455675,50,25,90,7.354822232
11.97298358,50,25,90,7.210375212
12.50346455,50,25,90,7.152255861
13.04109693,50,25,90,7.295567737
13.57770767,50,25,90,7.410103724
14.0088352,50,25,90,7.553529114
14.65195079,50,25,90,7.667951586
15.18856154,50,25,90,7.782487573
15.83269876,50,25,90,7.925685934
16.26280466,50,25,90,8.040335435
16.90592025,50,25,90,8.154757907
17.76306716,50,25,90,8.29772924
18.29865627,50,25,90,8.383489337
18.83628865,50,25,90,8.526801213
19.37289939,50,25,90,8.641337199
19.9115534,50,25,90,8.813424965
20.44612088,50,25,90,8.870409172
20.98477489,50,25,90,9.042496937
21.8419218,50,25,90,9.18546827
22.48708065,50,25,90,9.357442522
23.23567945,50,25,90,9.44297559
23.77126857,50,25,90,9.528735687
24.40825439,50,25,90,9.470502821
24.83325214,50,25,90,9.441272874
25.15072342,50,25,90,9.383380552
25.67916113,50,25,90,9.267709422
26.10109399,50,25,90,9.152151807
26.63055334,50,25,90,9.065256566
27.0524862,50,25,90,8.94969895
27.68742876,50,25,90,8.833914306
28.10936162,50,25,90,8.71835669
28.53129449,50,25,90,8.602799075
29.0597322,50,25,90,8.487127945
29.69365313,50,25,90,8.342567411
29.58919154,50,25,90,8.400232704
30.11456437,50,25,90,8.198233906
30.5354756,50,25,90,8.053900401
31.0669782,50,25,90,8.024556939
31.38342785,50,25,90,7.937888728
31.80331746,50,25,90,7.764779333
32.12078874,50,25,90,7.706887011
32.75675292,50,25,90,7.619878256
33.38965222,50,25,90,7.446541832
33.80954183,50,25,90,7.273432438
34.01948663,50,25,90,7.18687774
34.65647245,50,25,90,7.128644875
35.40200637,50,25,90,7.127850275
36.04001381,50,25,90,7.098393299
36.67802126,50,25,90,7.068936323
37.3160287,50,25,90,7.039479347
37.84855293,50,25,90,7.038911776
38.70059169,50,25,90,7.038003661
39.23107266,50,25,90,6.97988431
39.76257526,50,25,90,6.950540849
40.18859464,50,25,90,6.950086791
40.93310694,50,25,90,6.920516301
41.78412407,50,25,90,6.890832297
42.42213152,50,25,90,6.861375321
43.16562218,50,25,90,6.803028941
43.69916803,50,25,90,6.831237259
44.65669002,50,25,90,6.80143974
45.50566389,50,25,90,6.714203957
45.71458707,50,25,90,6.59887337
46.24098152,50,25,90,6.425650461
46.6598495,50,25,90,6.223765177
47.08076074,50,25,90,6.079431671
47.60715519,50,25,90,5.906208762
48.13252801,50,25,90,5.704209964
48.13048475,50,25,90,5.646658185
48.55241762,50,25,90,5.531100569
48.97435049,50,25,90,5.415542953
49.18429529,50,25,90,5.328988256
49.60520653,50,25,90,5.184654751
50.13160098,50,25,90,5.011431842
50.44498574,50,25,90,4.838435961
51.07788504,50,25,90,4.665099538
51.28476495,50,25,90,4.492217172
51.70158967,50,25,90,4.232780109
52.2269625,50,25,90,4.03078131
52.54341215,50,25,90,3.944113098
53.38523462,50,25,90,3.655446088
53.80614586,50,25,90,3.511112583
0.159884972,50,17,90,10.47476434
0.687301054,50,17,90,10.33031732
1.002729074,50,17,90,10.21487322
1.317135465,50,17,90,10.07065323
1.527080269,50,17,90,9.98409853
1.949013135,50,17,90,9.868540915
2.152828163,50,17,90,9.60933088
2.676157728,50,17,90,9.349780302
2.987499231,50,17,90,9.119232643
3.087874302,50,17,90,8.946463791
3.294754218,50,17,90,8.773581425
3.714643825,50,17,90,8.600472031
4.027006957,50,17,90,8.398700261
4.340391719,50,17,90,8.22570438
4.652754852,50,17,90,8.02393261
4.859634768,50,17,90,7.851050244
5.279524375,50,17,90,7.67794085
5.485382662,50,17,90,7.476282594
5.906293898,50,17,90,7.331949089
6.113173814,50,17,90,7.159066723
6.646719672,50,17,90,7.187275041
7.181287158,50,17,90,7.244259248
7.718919533,50,17,90,7.387571124
8.255530278,50,17,90,7.50210711
8.686657806,50,17,90,7.645532501
9.115742076,50,17,90,7.731406112
9.651331192,50,17,90,7.817166209
10.51154299,50,17,90,8.04646521
10.1899852,50,17,90,7.989253974
10.83514404,50,17,90,8.161228225
11.47723801,50,17,90,8.246874808
11.90632228,50,17,90,8.332748419
12.33540655,50,17,90,8.41862203
12.86793078,50,17,90,8.418054459
13.50900311,50,17,90,8.474925151
14.04254896,50,17,90,8.503133469
14.68259967,50,17,90,8.531228273
15.10964068,50,17,90,8.559550105
15.64318654,50,17,90,8.587758423
16.28221561,50,17,90,8.587077336
16.92430957,50,17,90,8.672723919
17.77736997,50,17,90,8.700591694
18.31295908,50,17,90,8.78635179
18.95505304,50,17,90,8.871998373
19.70569511,50,17,90,9.01508322
20.02827453,50,17,90,9.101070346
20.56386365,50,17,90,9.186830443
20.99396955,50,17,90,9.301479943
21.63402025,50,17,90,9.329574747
22.170631,50,17,90,9.444110733
22.60175853,50,17,90,9.587536124
23.02982117,50,17,90,9.644633845
23.67395839,50,17,90,9.787832207
24.20852587,50,17,90,9.844816414
24.41847068,50,17,90,9.758261717
24.7338987,50,17,90,9.642817616
25.15276668,50,17,90,9.440932331
25.57265628,50,17,90,9.267822937
25.99458915,50,17,90,9.152265321
26.20351232,50,17,90,9.036934734
26.6223803,50,17,90,8.83504945
26.93474343,50,17,90,8.63327768
27.24506331,50,17,90,8.373954131
27.45296485,50,17,90,8.229847654
27.8708112,50,17,90,7.99918648
28.18623922,50,17,90,7.883742379
28.50064561,50,17,90,7.739522388
29.02601844,50,17,90,7.53752359
29.34144646,50,17,90,7.422079488
29.55139126,50,17,90,7.335524791
29.86579765,50,17,90,7.1913048
30.07574245,50,17,90,7.104750103
30.28057911,50,17,90,6.874315958
30.59702876,50,17,90,6.787647746
30.80697357,50,17,90,6.701093049
31.22686317,50,17,90,6.527983654
31.33132476,50,17,90,6.47031836
31.752236,50,17,90,6.325984855
32.06562076,50,17,90,6.152988975
32.48346711,50,17,90,5.922327801
32.69136865,50,17,90,5.778221325
33.00577504,50,17,90,5.634001334
33.32018143,50,17,90,5.489781343
33.6335662,50,17,90,5.316785463
34.16098228,50,17,90,5.172338443
34.47845356,50,17,90,5.114446121
35.12156915,50,17,90,5.228868593
35.87118958,50,17,90,5.343177551
36.19376901,50,17,90,5.429164676
36.73037975,50,17,90,5.543700663
37.15946402,50,17,90,5.629574274
37.90806283,50,17,90,5.715107342
38.55015679,50,17,90,5.800753925
38.98026269,50,17,90,5.915403425
39.62133502,50,17,90,5.972274118
40.04939766,50,17,90,6.02937184
40.58703004,50,17,90,6.172683716
41.5506818,50,17,90,6.315541534
42.30132386,50,17,90,6.458626382
42.94341782,50,17,90,6.544272964
43.4810502,50,17,90,6.68758484
44.23271389,50,17,90,6.859445577
44.66281979,50,17,90,6.974095078
45.30287049,50,17,90,7.002189881
45.72582499,50,17,90,6.915408155
46.35770266,50,17,90,6.713295842
46.77963552,50,17,90,6.597738226
47.30807324,50,17,90,6.482067096
47.40844831,50,17,90,6.309298245
48.04339086,50,17,90,6.1935136
48.25129241,50,17,90,6.049407124
48.7756436,50,17,90,5.818632436
49.09209325,50,17,90,5.731964224
49.4085429,50,17,90,5.645296012
49.93595898,50,17,90,5.500848993
50.35789185,50,17,90,5.385291377
50.67229824,50,17,90,5.241071386
51.20175758,50,17,90,5.154176146
51.72815203,50,17,90,4.980953237
52.25352486,50,17,90,4.778954438
52.67443609,50,17,90,4.634620933
52.8843809,50,17,90,4.548066236
53.51830183,50,17,90,4.403505702
